
> logistics-import@1.0.0 start
> next start -p 3002

  ▲ Next.js 14.2.35
  - Local:        http://localhost:3002

 ✓ Starting...
 ✓ Ready in 1138ms
 ⨯ Error: Cannot find module './276.js'
Require stack:
- D:\trae\importOrder\.next\server\webpack-runtime.js
- D:\trae\importOrder\.next\server\pages\_document.js
- D:\trae\importOrder\node_modules\next\dist\server\require.js
- D:\trae\importOrder\node_modules\next\dist\server\next-server.js
- D:\trae\importOrder\node_modules\next\dist\server\next.js
- D:\trae\importOrder\node_modules\next\dist\server\lib\start-server.js
- D:\trae\importOrder\node_modules\next\dist\cli\next-start.js
    at Module.<anonymous> (node:internal/modules/cjs/loader:1456:15)
    at D:\trae\importOrder\node_modules\next\dist\server\require-hook.js:55:36
    at defaultResolveImpl (node:internal/modules/cjs/loader:1066:19)
    at resolveForCJSWithHooks (node:internal/modules/cjs/loader:1071:22)
    at Module._load (node:internal/modules/cjs/loader:1242:25)
    at wrapModuleLoad (node:internal/modules/cjs/loader:255:19)
    at Module.<anonymous> (node:internal/modules/cjs/loader:1556:12)
    at mod.require (D:\trae\importOrder\node_modules\next\dist\server\require-hook.js:65:28)
    at require (node:internal/modules/helpers:152:16)
    at __webpack_require__.f.require (D:\trae\importOrder\.next\server\webpack-runtime.js:203:28) {
  code: 'MODULE_NOT_FOUND',
  requireStack: [
    'D:\\trae\\importOrder\\.next\\server\\webpack-runtime.js',
    'D:\\trae\\importOrder\\.next\\server\\pages\\_document.js',
    'D:\\trae\\importOrder\\node_modules\\next\\dist\\server\\require.js',
    'D:\\trae\\importOrder\\node_modules\\next\\dist\\server\\next-server.js',
    'D:\\trae\\importOrder\\node_modules\\next\\dist\\server\\next.js',
    'D:\\trae\\importOrder\\node_modules\\next\\dist\\server\\lib\\start-server.js',
    'D:\\trae\\importOrder\\node_modules\\next\\dist\\cli\\next-start.js'
  ]
}
 ⨯ Error: Cannot find module './682.js'
Require stack:
- D:\trae\importOrder\.next\server\webpack-runtime.js
- D:\trae\importOrder\.next\server\pages\_document.js
- D:\trae\importOrder\node_modules\next\dist\server\require.js
- D:\trae\importOrder\node_modules\next\dist\server\next-server.js
- D:\trae\importOrder\node_modules\next\dist\server\next.js
- D:\trae\importOrder\node_modules\next\dist\server\lib\start-server.js
- D:\trae\importOrder\node_modules\next\dist\cli\next-start.js
    at Module.<anonymous> (node:internal/modules/cjs/loader:1456:15)
    at D:\trae\importOrder\node_modules\next\dist\server\require-hook.js:55:36
    at defaultResolveImpl (node:internal/modules/cjs/loader:1066:19)
    at resolveForCJSWithHooks (node:internal/modules/cjs/loader:1071:22)
    at Module._load (node:internal/modules/cjs/loader:1242:25)
    at wrapModuleLoad (node:internal/modules/cjs/loader:255:19)
    at Module.<anonymous> (node:internal/modules/cjs/loader:1556:12)
    at mod.require (D:\trae\importOrder\node_modules\next\dist\server\require-hook.js:65:28)
    at require (node:internal/modules/helpers:152:16)
    at __webpack_require__.f.require (D:\trae\importOrder\.next\server\webpack-runtime.js:203:28) {
  code: 'MODULE_NOT_FOUND',
  requireStack: [
    'D:\\trae\\importOrder\\.next\\server\\webpack-runtime.js',
    'D:\\trae\\importOrder\\.next\\server\\pages\\_document.js',
    'D:\\trae\\importOrder\\node_modules\\next\\dist\\server\\require.js',
    'D:\\trae\\importOrder\\node_modules\\next\\dist\\server\\next-server.js',
    'D:\\trae\\importOrder\\node_modules\\next\\dist\\server\\next.js',
    'D:\\trae\\importOrder\\node_modules\\next\\dist\\server\\lib\\start-server.js',
    'D:\\trae\\importOrder\\node_modules\\next\\dist\\cli\\next-start.js'
  ]
}
 ⨯ Error: Cannot find module './276.js'
Require stack:
- D:\trae\importOrder\.next\server\webpack-runtime.js
- D:\trae\importOrder\.next\server\pages\_document.js
- D:\trae\importOrder\node_modules\next\dist\server\require.js
- D:\trae\importOrder\node_modules\next\dist\server\next-server.js
- D:\trae\importOrder\node_modules\next\dist\server\next.js
- D:\trae\importOrder\node_modules\next\dist\server\lib\start-server.js
- D:\trae\importOrder\node_modules\next\dist\cli\next-start.js
    at Module.<anonymous> (node:internal/modules/cjs/loader:1456:15)
    at D:\trae\importOrder\node_modules\next\dist\server\require-hook.js:55:36
    at defaultResolveImpl (node:internal/modules/cjs/loader:1066:19)
    at resolveForCJSWithHooks (node:internal/modules/cjs/loader:1071:22)
    at Module._load (node:internal/modules/cjs/loader:1242:25)
    at wrapModuleLoad (node:internal/modules/cjs/loader:255:19)
    at Module.<anonymous> (node:internal/modules/cjs/loader:1556:12)
    at mod.require (D:\trae\importOrder\node_modules\next\dist\server\require-hook.js:65:28)
    at require (node:internal/modules/helpers:152:16)
    at __webpack_require__.f.require (D:\trae\importOrder\.next\server\webpack-runtime.js:203:28) {
  code: 'MODULE_NOT_FOUND',
  requireStack: [
    'D:\\trae\\importOrder\\.next\\server\\webpack-runtime.js',
    'D:\\trae\\importOrder\\.next\\server\\pages\\_document.js',
    'D:\\trae\\importOrder\\node_modules\\next\\dist\\server\\require.js',
    'D:\\trae\\importOrder\\node_modules\\next\\dist\\server\\next-server.js',
    'D:\\trae\\importOrder\\node_modules\\next\\dist\\server\\next.js',
    'D:\\trae\\importOrder\\node_modules\\next\\dist\\server\\lib\\start-server.js',
    'D:\\trae\\importOrder\\node_modules\\next\\dist\\cli\\next-start.js'
  ]
}
 ⨯ Error: Cannot find module './682.js'
Require stack:
- D:\trae\importOrder\.next\server\webpack-runtime.js
- D:\trae\importOrder\.next\server\pages\_document.js
- D:\trae\importOrder\node_modules\next\dist\server\require.js
- D:\trae\importOrder\node_modules\next\dist\server\next-server.js
- D:\trae\importOrder\node_modules\next\dist\server\next.js
- D:\trae\importOrder\node_modules\next\dist\server\lib\start-server.js
- D:\trae\importOrder\node_modules\next\dist\cli\next-start.js
    at Module.<anonymous> (node:internal/modules/cjs/loader:1456:15)
    at D:\trae\importOrder\node_modules\next\dist\server\require-hook.js:55:36
    at defaultResolveImpl (node:internal/modules/cjs/loader:1066:19)
    at resolveForCJSWithHooks (node:internal/modules/cjs/loader:1071:22)
    at Module._load (node:internal/modules/cjs/loader:1242:25)
    at wrapModuleLoad (node:internal/modules/cjs/loader:255:19)
    at Module.<anonymous> (node:internal/modules/cjs/loader:1556:12)
    at mod.require (D:\trae\importOrder\node_modules\next\dist\server\require-hook.js:65:28)
    at require (node:internal/modules/helpers:152:16)
    at __webpack_require__.f.require (D:\trae\importOrder\.next\server\webpack-runtime.js:203:28) {
  code: 'MODULE_NOT_FOUND',
  requireStack: [
    'D:\\trae\\importOrder\\.next\\server\\webpack-runtime.js',
    'D:\\trae\\importOrder\\.next\\server\\pages\\_document.js',
    'D:\\trae\\importOrder\\node_modules\\next\\dist\\server\\require.js',
    'D:\\trae\\importOrder\\node_modules\\next\\dist\\server\\next-server.js',
    'D:\\trae\\importOrder\\node_modules\\next\\dist\\server\\next.js',
    'D:\\trae\\importOrder\\node_modules\\next\\dist\\server\\lib\\start-server.js',
    'D:\\trae\\importOrder\\node_modules\\next\\dist\\cli\\next-start.js'
  ]
}
 ⨯ Error: Cannot find module './276.js'
Require stack:
- D:\trae\importOrder\.next\server\webpack-runtime.js
- D:\trae\importOrder\.next\server\pages\_document.js
- D:\trae\importOrder\node_modules\next\dist\server\require.js
- D:\trae\importOrder\node_modules\next\dist\server\next-server.js
- D:\trae\importOrder\node_modules\next\dist\server\next.js
- D:\trae\importOrder\node_modules\next\dist\server\lib\start-server.js
- D:\trae\importOrder\node_modules\next\dist\cli\next-start.js
    at Module.<anonymous> (node:internal/modules/cjs/loader:1456:15)
    at D:\trae\importOrder\node_modules\next\dist\server\require-hook.js:55:36
    at defaultResolveImpl (node:internal/modules/cjs/loader:1066:19)
    at resolveForCJSWithHooks (node:internal/modules/cjs/loader:1071:22)
    at Module._load (node:internal/modules/cjs/loader:1242:25)
    at wrapModuleLoad (node:internal/modules/cjs/loader:255:19)
    at Module.<anonymous> (node:internal/modules/cjs/loader:1556:12)
    at mod.require (D:\trae\importOrder\node_modules\next\dist\server\require-hook.js:65:28)
    at require (node:internal/modules/helpers:152:16)
    at __webpack_require__.f.require (D:\trae\importOrder\.next\server\webpack-runtime.js:203:28) {
  code: 'MODULE_NOT_FOUND',
  requireStack: [
    'D:\\trae\\importOrder\\.next\\server\\webpack-runtime.js',
    'D:\\trae\\importOrder\\.next\\server\\pages\\_document.js',
    'D:\\trae\\importOrder\\node_modules\\next\\dist\\server\\require.js',
    'D:\\trae\\importOrder\\node_modules\\next\\dist\\server\\next-server.js',
    'D:\\trae\\importOrder\\node_modules\\next\\dist\\server\\next.js',
    'D:\\trae\\importOrder\\node_modules\\next\\dist\\server\\lib\\start-server.js',
    'D:\\trae\\importOrder\\node_modules\\next\\dist\\cli\\next-start.js'
  ]
}
 ⨯ Error: Cannot find module './682.js'
Require stack:
- D:\trae\importOrder\.next\server\webpack-runtime.js
- D:\trae\importOrder\.next\server\pages\_document.js
- D:\trae\importOrder\node_modules\next\dist\server\require.js
- D:\trae\importOrder\node_modules\next\dist\server\next-server.js
- D:\trae\importOrder\node_modules\next\dist\server\next.js
- D:\trae\importOrder\node_modules\next\dist\server\lib\start-server.js
- D:\trae\importOrder\node_modules\next\dist\cli\next-start.js
    at Module.<anonymous> (node:internal/modules/cjs/loader:1456:15)
    at D:\trae\importOrder\node_modules\next\dist\server\require-hook.js:55:36
    at defaultResolveImpl (node:internal/modules/cjs/loader:1066:19)
    at resolveForCJSWithHooks (node:internal/modules/cjs/loader:1071:22)
    at Module._load (node:internal/modules/cjs/loader:1242:25)
    at wrapModuleLoad (node:internal/modules/cjs/loader:255:19)
    at Module.<anonymous> (node:internal/modules/cjs/loader:1556:12)
    at mod.require (D:\trae\importOrder\node_modules\next\dist\server\require-hook.js:65:28)
    at require (node:internal/modules/helpers:152:16)
    at __webpack_require__.f.require (D:\trae\importOrder\.next\server\webpack-runtime.js:203:28) {
  code: 'MODULE_NOT_FOUND',
  requireStack: [
    'D:\\trae\\importOrder\\.next\\server\\webpack-runtime.js',
    'D:\\trae\\importOrder\\.next\\server\\pages\\_document.js',
    'D:\\trae\\importOrder\\node_modules\\next\\dist\\server\\require.js',
    'D:\\trae\\importOrder\\node_modules\\next\\dist\\server\\next-server.js',
    'D:\\trae\\importOrder\\node_modules\\next\\dist\\server\\next.js',
    'D:\\trae\\importOrder\\node_modules\\next\\dist\\server\\lib\\start-server.js',
    'D:\\trae\\importOrder\\node_modules\\next\\dist\\cli\\next-start.js'
  ]
}
 ⨯ Error: Cannot find module './276.js'
Require stack:
- D:\trae\importOrder\.next\server\webpack-runtime.js
- D:\trae\importOrder\.next\server\pages\_document.js
- D:\trae\importOrder\node_modules\next\dist\server\require.js
- D:\trae\importOrder\node_modules\next\dist\server\next-server.js
- D:\trae\importOrder\node_modules\next\dist\server\next.js
- D:\trae\importOrder\node_modules\next\dist\server\lib\start-server.js
- D:\trae\importOrder\node_modules\next\dist\cli\next-start.js
    at Module.<anonymous> (node:internal/modules/cjs/loader:1456:15)
    at D:\trae\importOrder\node_modules\next\dist\server\require-hook.js:55:36
    at defaultResolveImpl (node:internal/modules/cjs/loader:1066:19)
    at resolveForCJSWithHooks (node:internal/modules/cjs/loader:1071:22)
    at Module._load (node:internal/modules/cjs/loader:1242:25)
    at wrapModuleLoad (node:internal/modules/cjs/loader:255:19)
    at Module.<anonymous> (node:internal/modules/cjs/loader:1556:12)
    at mod.require (D:\trae\importOrder\node_modules\next\dist\server\require-hook.js:65:28)
    at require (node:internal/modules/helpers:152:16)
    at __webpack_require__.f.require (D:\trae\importOrder\.next\server\webpack-runtime.js:203:28) {
  code: 'MODULE_NOT_FOUND',
  requireStack: [
    'D:\\trae\\importOrder\\.next\\server\\webpack-runtime.js',
    'D:\\trae\\importOrder\\.next\\server\\pages\\_document.js',
    'D:\\trae\\importOrder\\node_modules\\next\\dist\\server\\require.js',
    'D:\\trae\\importOrder\\node_modules\\next\\dist\\server\\next-server.js',
    'D:\\trae\\importOrder\\node_modules\\next\\dist\\server\\next.js',
    'D:\\trae\\importOrder\\node_modules\\next\\dist\\server\\lib\\start-server.js',
    'D:\\trae\\importOrder\\node_modules\\next\\dist\\cli\\next-start.js'
  ]
}
 ⨯ Error: Cannot find module './682.js'
Require stack:
- D:\trae\importOrder\.next\server\webpack-runtime.js
- D:\trae\importOrder\.next\server\pages\_document.js
- D:\trae\importOrder\node_modules\next\dist\server\require.js
- D:\trae\importOrder\node_modules\next\dist\server\next-server.js
- D:\trae\importOrder\node_modules\next\dist\server\next.js
- D:\trae\importOrder\node_modules\next\dist\server\lib\start-server.js
- D:\trae\importOrder\node_modules\next\dist\cli\next-start.js
    at Module.<anonymous> (node:internal/modules/cjs/loader:1456:15)
    at D:\trae\importOrder\node_modules\next\dist\server\require-hook.js:55:36
    at defaultResolveImpl (node:internal/modules/cjs/loader:1066:19)
    at resolveForCJSWithHooks (node:internal/modules/cjs/loader:1071:22)
    at Module._load (node:internal/modules/cjs/loader:1242:25)
    at wrapModuleLoad (node:internal/modules/cjs/loader:255:19)
    at Module.<anonymous> (node:internal/modules/cjs/loader:1556:12)
    at mod.require (D:\trae\importOrder\node_modules\next\dist\server\require-hook.js:65:28)
    at require (node:internal/modules/helpers:152:16)
    at __webpack_require__.f.require (D:\trae\importOrder\.next\server\webpack-runtime.js:203:28) {
  code: 'MODULE_NOT_FOUND',
  requireStack: [
    'D:\\trae\\importOrder\\.next\\server\\webpack-runtime.js',
    'D:\\trae\\importOrder\\.next\\server\\pages\\_document.js',
    'D:\\trae\\importOrder\\node_modules\\next\\dist\\server\\require.js',
    'D:\\trae\\importOrder\\node_modules\\next\\dist\\server\\next-server.js',
    'D:\\trae\\importOrder\\node_modules\\next\\dist\\server\\next.js',
    'D:\\trae\\importOrder\\node_modules\\next\\dist\\server\\lib\\start-server.js',
    'D:\\trae\\importOrder\\node_modules\\next\\dist\\cli\\next-start.js'
  ]
}
 ⨯ Error: Cannot find module './276.js'
Require stack:
- D:\trae\importOrder\.next\server\webpack-runtime.js
- D:\trae\importOrder\.next\server\pages\_document.js
- D:\trae\importOrder\node_modules\next\dist\server\require.js
- D:\trae\importOrder\node_modules\next\dist\server\next-server.js
- D:\trae\importOrder\node_modules\next\dist\server\next.js
- D:\trae\importOrder\node_modules\next\dist\server\lib\start-server.js
- D:\trae\importOrder\node_modules\next\dist\cli\next-start.js
    at Module.<anonymous> (node:internal/modules/cjs/loader:1456:15)
    at D:\trae\importOrder\node_modules\next\dist\server\require-hook.js:55:36
    at defaultResolveImpl (node:internal/modules/cjs/loader:1066:19)
    at resolveForCJSWithHooks (node:internal/modules/cjs/loader:1071:22)
    at Module._load (node:internal/modules/cjs/loader:1242:25)
    at wrapModuleLoad (node:internal/modules/cjs/loader:255:19)
    at Module.<anonymous> (node:internal/modules/cjs/loader:1556:12)
    at mod.require (D:\trae\importOrder\node_modules\next\dist\server\require-hook.js:65:28)
    at require (node:internal/modules/helpers:152:16)
    at __webpack_require__.f.require (D:\trae\importOrder\.next\server\webpack-runtime.js:203:28) {
  code: 'MODULE_NOT_FOUND',
  requireStack: [
    'D:\\trae\\importOrder\\.next\\server\\webpack-runtime.js',
    'D:\\trae\\importOrder\\.next\\server\\pages\\_document.js',
    'D:\\trae\\importOrder\\node_modules\\next\\dist\\server\\require.js',
    'D:\\trae\\importOrder\\node_modules\\next\\dist\\server\\next-server.js',
    'D:\\trae\\importOrder\\node_modules\\next\\dist\\server\\next.js',
    'D:\\trae\\importOrder\\node_modules\\next\\dist\\server\\lib\\start-server.js',
    'D:\\trae\\importOrder\\node_modules\\next\\dist\\cli\\next-start.js'
  ]
}
 ⨯ Error: Cannot find module './682.js'
Require stack:
- D:\trae\importOrder\.next\server\webpack-runtime.js
- D:\trae\importOrder\.next\server\pages\_document.js
- D:\trae\importOrder\node_modules\next\dist\server\require.js
- D:\trae\importOrder\node_modules\next\dist\server\next-server.js
- D:\trae\importOrder\node_modules\next\dist\server\next.js
- D:\trae\importOrder\node_modules\next\dist\server\lib\start-server.js
- D:\trae\importOrder\node_modules\next\dist\cli\next-start.js
    at Module.<anonymous> (node:internal/modules/cjs/loader:1456:15)
    at D:\trae\importOrder\node_modules\next\dist\server\require-hook.js:55:36
    at defaultResolveImpl (node:internal/modules/cjs/loader:1066:19)
    at resolveForCJSWithHooks (node:internal/modules/cjs/loader:1071:22)
    at Module._load (node:internal/modules/cjs/loader:1242:25)
    at wrapModuleLoad (node:internal/modules/cjs/loader:255:19)
    at Module.<anonymous> (node:internal/modules/cjs/loader:1556:12)
    at mod.require (D:\trae\importOrder\node_modules\next\dist\server\require-hook.js:65:28)
    at require (node:internal/modules/helpers:152:16)
    at __webpack_require__.f.require (D:\trae\importOrder\.next\server\webpack-runtime.js:203:28) {
  code: 'MODULE_NOT_FOUND',
  requireStack: [
    'D:\\trae\\importOrder\\.next\\server\\webpack-runtime.js',
    'D:\\trae\\importOrder\\.next\\server\\pages\\_document.js',
    'D:\\trae\\importOrder\\node_modules\\next\\dist\\server\\require.js',
    'D:\\trae\\importOrder\\node_modules\\next\\dist\\server\\next-server.js',
    'D:\\trae\\importOrder\\node_modules\\next\\dist\\server\\next.js',
    'D:\\trae\\importOrder\\node_modules\\next\\dist\\server\\lib\\start-server.js',
    'D:\\trae\\importOrder\\node_modules\\next\\dist\\cli\\next-start.js'
  ]
}
 ⨯ Error: Cannot find module './276.js'
Require stack:
- D:\trae\importOrder\.next\server\webpack-runtime.js
- D:\trae\importOrder\.next\server\pages\_document.js
- D:\trae\importOrder\node_modules\next\dist\server\require.js
- D:\trae\importOrder\node_modules\next\dist\server\next-server.js
- D:\trae\importOrder\node_modules\next\dist\server\next.js
- D:\trae\importOrder\node_modules\next\dist\server\lib\start-server.js
- D:\trae\importOrder\node_modules\next\dist\cli\next-start.js
    at Module.<anonymous> (node:internal/modules/cjs/loader:1456:15)
    at D:\trae\importOrder\node_modules\next\dist\server\require-hook.js:55:36
    at defaultResolveImpl (node:internal/modules/cjs/loader:1066:19)
    at resolveForCJSWithHooks (node:internal/modules/cjs/loader:1071:22)
    at Module._load (node:internal/modules/cjs/loader:1242:25)
    at wrapModuleLoad (node:internal/modules/cjs/loader:255:19)
    at Module.<anonymous> (node:internal/modules/cjs/loader:1556:12)
    at mod.require (D:\trae\importOrder\node_modules\next\dist\server\require-hook.js:65:28)
    at require (node:internal/modules/helpers:152:16)
    at __webpack_require__.f.require (D:\trae\importOrder\.next\server\webpack-runtime.js:203:28) {
  code: 'MODULE_NOT_FOUND',
  requireStack: [
    'D:\\trae\\importOrder\\.next\\server\\webpack-runtime.js',
    'D:\\trae\\importOrder\\.next\\server\\pages\\_document.js',
    'D:\\trae\\importOrder\\node_modules\\next\\dist\\server\\require.js',
    'D:\\trae\\importOrder\\node_modules\\next\\dist\\server\\next-server.js',
    'D:\\trae\\importOrder\\node_modules\\next\\dist\\server\\next.js',
    'D:\\trae\\importOrder\\node_modules\\next\\dist\\server\\lib\\start-server.js',
    'D:\\trae\\importOrder\\node_modules\\next\\dist\\cli\\next-start.js'
  ]
}
 ⨯ Error: Cannot find module './682.js'
Require stack:
- D:\trae\importOrder\.next\server\webpack-runtime.js
- D:\trae\importOrder\.next\server\pages\_document.js
- D:\trae\importOrder\node_modules\next\dist\server\require.js
- D:\trae\importOrder\node_modules\next\dist\server\next-server.js
- D:\trae\importOrder\node_modules\next\dist\server\next.js
- D:\trae\importOrder\node_modules\next\dist\server\lib\start-server.js
- D:\trae\importOrder\node_modules\next\dist\cli\next-start.js
    at Module.<anonymous> (node:internal/modules/cjs/loader:1456:15)
    at D:\trae\importOrder\node_modules\next\dist\server\require-hook.js:55:36
    at defaultResolveImpl (node:internal/modules/cjs/loader:1066:19)
    at resolveForCJSWithHooks (node:internal/modules/cjs/loader:1071:22)
    at Module._load (node:internal/modules/cjs/loader:1242:25)
    at wrapModuleLoad (node:internal/modules/cjs/loader:255:19)
    at Module.<anonymous> (node:internal/modules/cjs/loader:1556:12)
    at mod.require (D:\trae\importOrder\node_modules\next\dist\server\require-hook.js:65:28)
    at require (node:internal/modules/helpers:152:16)
    at __webpack_require__.f.require (D:\trae\importOrder\.next\server\webpack-runtime.js:203:28) {
  code: 'MODULE_NOT_FOUND',
  requireStack: [
    'D:\\trae\\importOrder\\.next\\server\\webpack-runtime.js',
    'D:\\trae\\importOrder\\.next\\server\\pages\\_document.js',
    'D:\\trae\\importOrder\\node_modules\\next\\dist\\server\\require.js',
    'D:\\trae\\importOrder\\node_modules\\next\\dist\\server\\next-server.js',
    'D:\\trae\\importOrder\\node_modules\\next\\dist\\server\\next.js',
    'D:\\trae\\importOrder\\node_modules\\next\\dist\\server\\lib\\start-server.js',
    'D:\\trae\\importOrder\\node_modules\\next\\dist\\cli\\next-start.js'
  ]
}
 ⨯ Error: Cannot find module './276.js'
Require stack:
- D:\trae\importOrder\.next\server\webpack-runtime.js
- D:\trae\importOrder\.next\server\pages\_document.js
- D:\trae\importOrder\node_modules\next\dist\server\require.js
- D:\trae\importOrder\node_modules\next\dist\server\next-server.js
- D:\trae\importOrder\node_modules\next\dist\server\next.js
- D:\trae\importOrder\node_modules\next\dist\server\lib\start-server.js
- D:\trae\importOrder\node_modules\next\dist\cli\next-start.js
    at Module.<anonymous> (node:internal/modules/cjs/loader:1456:15)
    at D:\trae\importOrder\node_modules\next\dist\server\require-hook.js:55:36
    at defaultResolveImpl (node:internal/modules/cjs/loader:1066:19)
    at resolveForCJSWithHooks (node:internal/modules/cjs/loader:1071:22)
    at Module._load (node:internal/modules/cjs/loader:1242:25)
    at wrapModuleLoad (node:internal/modules/cjs/loader:255:19)
    at Module.<anonymous> (node:internal/modules/cjs/loader:1556:12)
    at mod.require (D:\trae\importOrder\node_modules\next\dist\server\require-hook.js:65:28)
    at require (node:internal/modules/helpers:152:16)
    at __webpack_require__.f.require (D:\trae\importOrder\.next\server\webpack-runtime.js:203:28) {
  code: 'MODULE_NOT_FOUND',
  requireStack: [
    'D:\\trae\\importOrder\\.next\\server\\webpack-runtime.js',
    'D:\\trae\\importOrder\\.next\\server\\pages\\_document.js',
    'D:\\trae\\importOrder\\node_modules\\next\\dist\\server\\require.js',
    'D:\\trae\\importOrder\\node_modules\\next\\dist\\server\\next-server.js',
    'D:\\trae\\importOrder\\node_modules\\next\\dist\\server\\next.js',
    'D:\\trae\\importOrder\\node_modules\\next\\dist\\server\\lib\\start-server.js',
    'D:\\trae\\importOrder\\node_modules\\next\\dist\\cli\\next-start.js'
  ]
}
 ⨯ Error: Cannot find module './682.js'
Require stack:
- D:\trae\importOrder\.next\server\webpack-runtime.js
- D:\trae\importOrder\.next\server\pages\_document.js
- D:\trae\importOrder\node_modules\next\dist\server\require.js
- D:\trae\importOrder\node_modules\next\dist\server\next-server.js
- D:\trae\importOrder\node_modules\next\dist\server\next.js
- D:\trae\importOrder\node_modules\next\dist\server\lib\start-server.js
- D:\trae\importOrder\node_modules\next\dist\cli\next-start.js
    at Module.<anonymous> (node:internal/modules/cjs/loader:1456:15)
    at D:\trae\importOrder\node_modules\next\dist\server\require-hook.js:55:36
    at defaultResolveImpl (node:internal/modules/cjs/loader:1066:19)
    at resolveForCJSWithHooks (node:internal/modules/cjs/loader:1071:22)
    at Module._load (node:internal/modules/cjs/loader:1242:25)
    at wrapModuleLoad (node:internal/modules/cjs/loader:255:19)
    at Module.<anonymous> (node:internal/modules/cjs/loader:1556:12)
    at mod.require (D:\trae\importOrder\node_modules\next\dist\server\require-hook.js:65:28)
    at require (node:internal/modules/helpers:152:16)
    at __webpack_require__.f.require (D:\trae\importOrder\.next\server\webpack-runtime.js:203:28) {
  code: 'MODULE_NOT_FOUND',
  requireStack: [
    'D:\\trae\\importOrder\\.next\\server\\webpack-runtime.js',
    'D:\\trae\\importOrder\\.next\\server\\pages\\_document.js',
    'D:\\trae\\importOrder\\node_modules\\next\\dist\\server\\require.js',
    'D:\\trae\\importOrder\\node_modules\\next\\dist\\server\\next-server.js',
    'D:\\trae\\importOrder\\node_modules\\next\\dist\\server\\next.js',
    'D:\\trae\\importOrder\\node_modules\\next\\dist\\server\\lib\\start-server.js',
    'D:\\trae\\importOrder\\node_modules\\next\\dist\\cli\\next-start.js'
  ]
}
 ⨯ Error: Cannot find module './276.js'
Require stack:
- D:\trae\importOrder\.next\server\webpack-runtime.js
- D:\trae\importOrder\.next\server\pages\_document.js
- D:\trae\importOrder\node_modules\next\dist\server\require.js
- D:\trae\importOrder\node_modules\next\dist\server\next-server.js
- D:\trae\importOrder\node_modules\next\dist\server\next.js
- D:\trae\importOrder\node_modules\next\dist\server\lib\start-server.js
- D:\trae\importOrder\node_modules\next\dist\cli\next-start.js
    at Module.<anonymous> (node:internal/modules/cjs/loader:1456:15)
    at D:\trae\importOrder\node_modules\next\dist\server\require-hook.js:55:36
    at defaultResolveImpl (node:internal/modules/cjs/loader:1066:19)
    at resolveForCJSWithHooks (node:internal/modules/cjs/loader:1071:22)
    at Module._load (node:internal/modules/cjs/loader:1242:25)
    at wrapModuleLoad (node:internal/modules/cjs/loader:255:19)
    at Module.<anonymous> (node:internal/modules/cjs/loader:1556:12)
    at mod.require (D:\trae\importOrder\node_modules\next\dist\server\require-hook.js:65:28)
    at require (node:internal/modules/helpers:152:16)
    at __webpack_require__.f.require (D:\trae\importOrder\.next\server\webpack-runtime.js:203:28) {
  code: 'MODULE_NOT_FOUND',
  requireStack: [
    'D:\\trae\\importOrder\\.next\\server\\webpack-runtime.js',
    'D:\\trae\\importOrder\\.next\\server\\pages\\_document.js',
    'D:\\trae\\importOrder\\node_modules\\next\\dist\\server\\require.js',
    'D:\\trae\\importOrder\\node_modules\\next\\dist\\server\\next-server.js',
    'D:\\trae\\importOrder\\node_modules\\next\\dist\\server\\next.js',
    'D:\\trae\\importOrder\\node_modules\\next\\dist\\server\\lib\\start-server.js',
    'D:\\trae\\importOrder\\node_modules\\next\\dist\\cli\\next-start.js'
  ]
}
 ⨯ Error: Cannot find module './682.js'
Require stack:
- D:\trae\importOrder\.next\server\webpack-runtime.js
- D:\trae\importOrder\.next\server\pages\_document.js
- D:\trae\importOrder\node_modules\next\dist\server\require.js
- D:\trae\importOrder\node_modules\next\dist\server\next-server.js
- D:\trae\importOrder\node_modules\next\dist\server\next.js
- D:\trae\importOrder\node_modules\next\dist\server\lib\start-server.js
- D:\trae\importOrder\node_modules\next\dist\cli\next-start.js
    at Module.<anonymous> (node:internal/modules/cjs/loader:1456:15)
    at D:\trae\importOrder\node_modules\next\dist\server\require-hook.js:55:36
    at defaultResolveImpl (node:internal/modules/cjs/loader:1066:19)
    at resolveForCJSWithHooks (node:internal/modules/cjs/loader:1071:22)
    at Module._load (node:internal/modules/cjs/loader:1242:25)
    at wrapModuleLoad (node:internal/modules/cjs/loader:255:19)
    at Module.<anonymous> (node:internal/modules/cjs/loader:1556:12)
    at mod.require (D:\trae\importOrder\node_modules\next\dist\server\require-hook.js:65:28)
    at require (node:internal/modules/helpers:152:16)
    at __webpack_require__.f.require (D:\trae\importOrder\.next\server\webpack-runtime.js:203:28) {
  code: 'MODULE_NOT_FOUND',
  requireStack: [
    'D:\\trae\\importOrder\\.next\\server\\webpack-runtime.js',
    'D:\\trae\\importOrder\\.next\\server\\pages\\_document.js',
    'D:\\trae\\importOrder\\node_modules\\next\\dist\\server\\require.js',
    'D:\\trae\\importOrder\\node_modules\\next\\dist\\server\\next-server.js',
    'D:\\trae\\importOrder\\node_modules\\next\\dist\\server\\next.js',
    'D:\\trae\\importOrder\\node_modules\\next\\dist\\server\\lib\\start-server.js',
    'D:\\trae\\importOrder\\node_modules\\next\\dist\\cli\\next-start.js'
  ]
}
 ⨯ Error: Cannot find module './276.js'
Require stack:
- D:\trae\importOrder\.next\server\webpack-runtime.js
- D:\trae\importOrder\.next\server\pages\_document.js
- D:\trae\importOrder\node_modules\next\dist\server\require.js
- D:\trae\importOrder\node_modules\next\dist\server\next-server.js
- D:\trae\importOrder\node_modules\next\dist\server\next.js
- D:\trae\importOrder\node_modules\next\dist\server\lib\start-server.js
- D:\trae\importOrder\node_modules\next\dist\cli\next-start.js
    at Module.<anonymous> (node:internal/modules/cjs/loader:1456:15)
    at D:\trae\importOrder\node_modules\next\dist\server\require-hook.js:55:36
    at defaultResolveImpl (node:internal/modules/cjs/loader:1066:19)
    at resolveForCJSWithHooks (node:internal/modules/cjs/loader:1071:22)
    at Module._load (node:internal/modules/cjs/loader:1242:25)
    at wrapModuleLoad (node:internal/modules/cjs/loader:255:19)
    at Module.<anonymous> (node:internal/modules/cjs/loader:1556:12)
    at mod.require (D:\trae\importOrder\node_modules\next\dist\server\require-hook.js:65:28)
    at require (node:internal/modules/helpers:152:16)
    at __webpack_require__.f.require (D:\trae\importOrder\.next\server\webpack-runtime.js:203:28) {
  code: 'MODULE_NOT_FOUND',
  requireStack: [
    'D:\\trae\\importOrder\\.next\\server\\webpack-runtime.js',
    'D:\\trae\\importOrder\\.next\\server\\pages\\_document.js',
    'D:\\trae\\importOrder\\node_modules\\next\\dist\\server\\require.js',
    'D:\\trae\\importOrder\\node_modules\\next\\dist\\server\\next-server.js',
    'D:\\trae\\importOrder\\node_modules\\next\\dist\\server\\next.js',
    'D:\\trae\\importOrder\\node_modules\\next\\dist\\server\\lib\\start-server.js',
    'D:\\trae\\importOrder\\node_modules\\next\\dist\\cli\\next-start.js'
  ]
}
 ⨯ Error: Cannot find module './682.js'
Require stack:
- D:\trae\importOrder\.next\server\webpack-runtime.js
- D:\trae\importOrder\.next\server\pages\_document.js
- D:\trae\importOrder\node_modules\next\dist\server\require.js
- D:\trae\importOrder\node_modules\next\dist\server\next-server.js
- D:\trae\importOrder\node_modules\next\dist\server\next.js
- D:\trae\importOrder\node_modules\next\dist\server\lib\start-server.js
- D:\trae\importOrder\node_modules\next\dist\cli\next-start.js
    at Module.<anonymous> (node:internal/modules/cjs/loader:1456:15)
    at D:\trae\importOrder\node_modules\next\dist\server\require-hook.js:55:36
    at defaultResolveImpl (node:internal/modules/cjs/loader:1066:19)
    at resolveForCJSWithHooks (node:internal/modules/cjs/loader:1071:22)
    at Module._load (node:internal/modules/cjs/loader:1242:25)
    at wrapModuleLoad (node:internal/modules/cjs/loader:255:19)
    at Module.<anonymous> (node:internal/modules/cjs/loader:1556:12)
    at mod.require (D:\trae\importOrder\node_modules\next\dist\server\require-hook.js:65:28)
    at require (node:internal/modules/helpers:152:16)
    at __webpack_require__.f.require (D:\trae\importOrder\.next\server\webpack-runtime.js:203:28) {
  code: 'MODULE_NOT_FOUND',
  requireStack: [
    'D:\\trae\\importOrder\\.next\\server\\webpack-runtime.js',
    'D:\\trae\\importOrder\\.next\\server\\pages\\_document.js',
    'D:\\trae\\importOrder\\node_modules\\next\\dist\\server\\require.js',
    'D:\\trae\\importOrder\\node_modules\\next\\dist\\server\\next-server.js',
    'D:\\trae\\importOrder\\node_modules\\next\\dist\\server\\next.js',
    'D:\\trae\\importOrder\\node_modules\\next\\dist\\server\\lib\\start-server.js',
    'D:\\trae\\importOrder\\node_modules\\next\\dist\\cli\\next-start.js'
  ]
}
 ⨯ Error: Cannot find module './276.js'
Require stack:
- D:\trae\importOrder\.next\server\webpack-runtime.js
- D:\trae\importOrder\.next\server\pages\_document.js
- D:\trae\importOrder\node_modules\next\dist\server\require.js
- D:\trae\importOrder\node_modules\next\dist\server\next-server.js
- D:\trae\importOrder\node_modules\next\dist\server\next.js
- D:\trae\importOrder\node_modules\next\dist\server\lib\start-server.js
- D:\trae\importOrder\node_modules\next\dist\cli\next-start.js
    at Module.<anonymous> (node:internal/modules/cjs/loader:1456:15)
    at D:\trae\importOrder\node_modules\next\dist\server\require-hook.js:55:36
    at defaultResolveImpl (node:internal/modules/cjs/loader:1066:19)
    at resolveForCJSWithHooks (node:internal/modules/cjs/loader:1071:22)
    at Module._load (node:internal/modules/cjs/loader:1242:25)
    at wrapModuleLoad (node:internal/modules/cjs/loader:255:19)
    at Module.<anonymous> (node:internal/modules/cjs/loader:1556:12)
    at mod.require (D:\trae\importOrder\node_modules\next\dist\server\require-hook.js:65:28)
    at require (node:internal/modules/helpers:152:16)
    at __webpack_require__.f.require (D:\trae\importOrder\.next\server\webpack-runtime.js:203:28) {
  code: 'MODULE_NOT_FOUND',
  requireStack: [
    'D:\\trae\\importOrder\\.next\\server\\webpack-runtime.js',
    'D:\\trae\\importOrder\\.next\\server\\pages\\_document.js',
    'D:\\trae\\importOrder\\node_modules\\next\\dist\\server\\require.js',
    'D:\\trae\\importOrder\\node_modules\\next\\dist\\server\\next-server.js',
    'D:\\trae\\importOrder\\node_modules\\next\\dist\\server\\next.js',
    'D:\\trae\\importOrder\\node_modules\\next\\dist\\server\\lib\\start-server.js',
    'D:\\trae\\importOrder\\node_modules\\next\\dist\\cli\\next-start.js'
  ]
}
 ⨯ Error: Cannot find module './682.js'
Require stack:
- D:\trae\importOrder\.next\server\webpack-runtime.js
- D:\trae\importOrder\.next\server\pages\_document.js
- D:\trae\importOrder\node_modules\next\dist\server\require.js
- D:\trae\importOrder\node_modules\next\dist\server\next-server.js
- D:\trae\importOrder\node_modules\next\dist\server\next.js
- D:\trae\importOrder\node_modules\next\dist\server\lib\start-server.js
- D:\trae\importOrder\node_modules\next\dist\cli\next-start.js
    at Module.<anonymous> (node:internal/modules/cjs/loader:1456:15)
    at D:\trae\importOrder\node_modules\next\dist\server\require-hook.js:55:36
    at defaultResolveImpl (node:internal/modules/cjs/loader:1066:19)
    at resolveForCJSWithHooks (node:internal/modules/cjs/loader:1071:22)
    at Module._load (node:internal/modules/cjs/loader:1242:25)
    at wrapModuleLoad (node:internal/modules/cjs/loader:255:19)
    at Module.<anonymous> (node:internal/modules/cjs/loader:1556:12)
    at mod.require (D:\trae\importOrder\node_modules\next\dist\server\require-hook.js:65:28)
    at require (node:internal/modules/helpers:152:16)
    at __webpack_require__.f.require (D:\trae\importOrder\.next\server\webpack-runtime.js:203:28) {
  code: 'MODULE_NOT_FOUND',
  requireStack: [
    'D:\\trae\\importOrder\\.next\\server\\webpack-runtime.js',
    'D:\\trae\\importOrder\\.next\\server\\pages\\_document.js',
    'D:\\trae\\importOrder\\node_modules\\next\\dist\\server\\require.js',
    'D:\\trae\\importOrder\\node_modules\\next\\dist\\server\\next-server.js',
    'D:\\trae\\importOrder\\node_modules\\next\\dist\\server\\next.js',
    'D:\\trae\\importOrder\\node_modules\\next\\dist\\server\\lib\\start-server.js',
    'D:\\trae\\importOrder\\node_modules\\next\\dist\\cli\\next-start.js'
  ]
}
 ⨯ Error: Cannot find module './276.js'
Require stack:
- D:\trae\importOrder\.next\server\webpack-runtime.js
- D:\trae\importOrder\.next\server\pages\_document.js
- D:\trae\importOrder\node_modules\next\dist\server\require.js
- D:\trae\importOrder\node_modules\next\dist\server\next-server.js
- D:\trae\importOrder\node_modules\next\dist\server\next.js
- D:\trae\importOrder\node_modules\next\dist\server\lib\start-server.js
- D:\trae\importOrder\node_modules\next\dist\cli\next-start.js
    at Module.<anonymous> (node:internal/modules/cjs/loader:1456:15)
    at D:\trae\importOrder\node_modules\next\dist\server\require-hook.js:55:36
    at defaultResolveImpl (node:internal/modules/cjs/loader:1066:19)
    at resolveForCJSWithHooks (node:internal/modules/cjs/loader:1071:22)
    at Module._load (node:internal/modules/cjs/loader:1242:25)
    at wrapModuleLoad (node:internal/modules/cjs/loader:255:19)
    at Module.<anonymous> (node:internal/modules/cjs/loader:1556:12)
    at mod.require (D:\trae\importOrder\node_modules\next\dist\server\require-hook.js:65:28)
    at require (node:internal/modules/helpers:152:16)
    at __webpack_require__.f.require (D:\trae\importOrder\.next\server\webpack-runtime.js:203:28) {
  code: 'MODULE_NOT_FOUND',
  requireStack: [
    'D:\\trae\\importOrder\\.next\\server\\webpack-runtime.js',
    'D:\\trae\\importOrder\\.next\\server\\pages\\_document.js',
    'D:\\trae\\importOrder\\node_modules\\next\\dist\\server\\require.js',
    'D:\\trae\\importOrder\\node_modules\\next\\dist\\server\\next-server.js',
    'D:\\trae\\importOrder\\node_modules\\next\\dist\\server\\next.js',
    'D:\\trae\\importOrder\\node_modules\\next\\dist\\server\\lib\\start-server.js',
    'D:\\trae\\importOrder\\node_modules\\next\\dist\\cli\\next-start.js'
  ]
}
 ⨯ Error: Cannot find module './682.js'
Require stack:
- D:\trae\importOrder\.next\server\webpack-runtime.js
- D:\trae\importOrder\.next\server\pages\_document.js
- D:\trae\importOrder\node_modules\next\dist\server\require.js
- D:\trae\importOrder\node_modules\next\dist\server\next-server.js
- D:\trae\importOrder\node_modules\next\dist\server\next.js
- D:\trae\importOrder\node_modules\next\dist\server\lib\start-server.js
- D:\trae\importOrder\node_modules\next\dist\cli\next-start.js
    at Module.<anonymous> (node:internal/modules/cjs/loader:1456:15)
    at D:\trae\importOrder\node_modules\next\dist\server\require-hook.js:55:36
    at defaultResolveImpl (node:internal/modules/cjs/loader:1066:19)
    at resolveForCJSWithHooks (node:internal/modules/cjs/loader:1071:22)
    at Module._load (node:internal/modules/cjs/loader:1242:25)
    at wrapModuleLoad (node:internal/modules/cjs/loader:255:19)
    at Module.<anonymous> (node:internal/modules/cjs/loader:1556:12)
    at mod.require (D:\trae\importOrder\node_modules\next\dist\server\require-hook.js:65:28)
    at require (node:internal/modules/helpers:152:16)
    at __webpack_require__.f.require (D:\trae\importOrder\.next\server\webpack-runtime.js:203:28) {
  code: 'MODULE_NOT_FOUND',
  requireStack: [
    'D:\\trae\\importOrder\\.next\\server\\webpack-runtime.js',
    'D:\\trae\\importOrder\\.next\\server\\pages\\_document.js',
    'D:\\trae\\importOrder\\node_modules\\next\\dist\\server\\require.js',
    'D:\\trae\\importOrder\\node_modules\\next\\dist\\server\\next-server.js',
    'D:\\trae\\importOrder\\node_modules\\next\\dist\\server\\next.js',
    'D:\\trae\\importOrder\\node_modules\\next\\dist\\server\\lib\\start-server.js',
    'D:\\trae\\importOrder\\node_modules\\next\\dist\\cli\\next-start.js'
  ]
}
 ⨯ Error: Cannot find module './276.js'
Require stack:
- D:\trae\importOrder\.next\server\webpack-runtime.js
- D:\trae\importOrder\.next\server\pages\_document.js
- D:\trae\importOrder\node_modules\next\dist\server\require.js
- D:\trae\importOrder\node_modules\next\dist\server\next-server.js
- D:\trae\importOrder\node_modules\next\dist\server\next.js
- D:\trae\importOrder\node_modules\next\dist\server\lib\start-server.js
- D:\trae\importOrder\node_modules\next\dist\cli\next-start.js
    at Module.<anonymous> (node:internal/modules/cjs/loader:1456:15)
    at D:\trae\importOrder\node_modules\next\dist\server\require-hook.js:55:36
    at defaultResolveImpl (node:internal/modules/cjs/loader:1066:19)
    at resolveForCJSWithHooks (node:internal/modules/cjs/loader:1071:22)
    at Module._load (node:internal/modules/cjs/loader:1242:25)
    at wrapModuleLoad (node:internal/modules/cjs/loader:255:19)
    at Module.<anonymous> (node:internal/modules/cjs/loader:1556:12)
    at mod.require (D:\trae\importOrder\node_modules\next\dist\server\require-hook.js:65:28)
    at require (node:internal/modules/helpers:152:16)
    at __webpack_require__.f.require (D:\trae\importOrder\.next\server\webpack-runtime.js:203:28) {
  code: 'MODULE_NOT_FOUND',
  requireStack: [
    'D:\\trae\\importOrder\\.next\\server\\webpack-runtime.js',
    'D:\\trae\\importOrder\\.next\\server\\pages\\_document.js',
    'D:\\trae\\importOrder\\node_modules\\next\\dist\\server\\require.js',
    'D:\\trae\\importOrder\\node_modules\\next\\dist\\server\\next-server.js',
    'D:\\trae\\importOrder\\node_modules\\next\\dist\\server\\next.js',
    'D:\\trae\\importOrder\\node_modules\\next\\dist\\server\\lib\\start-server.js',
    'D:\\trae\\importOrder\\node_modules\\next\\dist\\cli\\next-start.js'
  ]
}
 ⨯ Error: Cannot find module './682.js'
Require stack:
- D:\trae\importOrder\.next\server\webpack-runtime.js
- D:\trae\importOrder\.next\server\pages\_document.js
- D:\trae\importOrder\node_modules\next\dist\server\require.js
- D:\trae\importOrder\node_modules\next\dist\server\next-server.js
- D:\trae\importOrder\node_modules\next\dist\server\next.js
- D:\trae\importOrder\node_modules\next\dist\server\lib\start-server.js
- D:\trae\importOrder\node_modules\next\dist\cli\next-start.js
    at Module.<anonymous> (node:internal/modules/cjs/loader:1456:15)
    at D:\trae\importOrder\node_modules\next\dist\server\require-hook.js:55:36
    at defaultResolveImpl (node:internal/modules/cjs/loader:1066:19)
    at resolveForCJSWithHooks (node:internal/modules/cjs/loader:1071:22)
    at Module._load (node:internal/modules/cjs/loader:1242:25)
    at wrapModuleLoad (node:internal/modules/cjs/loader:255:19)
    at Module.<anonymous> (node:internal/modules/cjs/loader:1556:12)
    at mod.require (D:\trae\importOrder\node_modules\next\dist\server\require-hook.js:65:28)
    at require (node:internal/modules/helpers:152:16)
    at __webpack_require__.f.require (D:\trae\importOrder\.next\server\webpack-runtime.js:203:28) {
  code: 'MODULE_NOT_FOUND',
  requireStack: [
    'D:\\trae\\importOrder\\.next\\server\\webpack-runtime.js',
    'D:\\trae\\importOrder\\.next\\server\\pages\\_document.js',
    'D:\\trae\\importOrder\\node_modules\\next\\dist\\server\\require.js',
    'D:\\trae\\importOrder\\node_modules\\next\\dist\\server\\next-server.js',
    'D:\\trae\\importOrder\\node_modules\\next\\dist\\server\\next.js',
    'D:\\trae\\importOrder\\node_modules\\next\\dist\\server\\lib\\start-server.js',
    'D:\\trae\\importOrder\\node_modules\\next\\dist\\cli\\next-start.js'
  ]
}
 ⨯ Error: Cannot find module './276.js'
Require stack:
- D:\trae\importOrder\.next\server\webpack-runtime.js
- D:\trae\importOrder\.next\server\pages\_document.js
- D:\trae\importOrder\node_modules\next\dist\server\require.js
- D:\trae\importOrder\node_modules\next\dist\server\next-server.js
- D:\trae\importOrder\node_modules\next\dist\server\next.js
- D:\trae\importOrder\node_modules\next\dist\server\lib\start-server.js
- D:\trae\importOrder\node_modules\next\dist\cli\next-start.js
    at Module.<anonymous> (node:internal/modules/cjs/loader:1456:15)
    at D:\trae\importOrder\node_modules\next\dist\server\require-hook.js:55:36
    at defaultResolveImpl (node:internal/modules/cjs/loader:1066:19)
    at resolveForCJSWithHooks (node:internal/modules/cjs/loader:1071:22)
    at Module._load (node:internal/modules/cjs/loader:1242:25)
    at wrapModuleLoad (node:internal/modules/cjs/loader:255:19)
    at Module.<anonymous> (node:internal/modules/cjs/loader:1556:12)
    at mod.require (D:\trae\importOrder\node_modules\next\dist\server\require-hook.js:65:28)
    at require (node:internal/modules/helpers:152:16)
    at __webpack_require__.f.require (D:\trae\importOrder\.next\server\webpack-runtime.js:203:28) {
  code: 'MODULE_NOT_FOUND',
  requireStack: [
    'D:\\trae\\importOrder\\.next\\server\\webpack-runtime.js',
    'D:\\trae\\importOrder\\.next\\server\\pages\\_document.js',
    'D:\\trae\\importOrder\\node_modules\\next\\dist\\server\\require.js',
    'D:\\trae\\importOrder\\node_modules\\next\\dist\\server\\next-server.js',
    'D:\\trae\\importOrder\\node_modules\\next\\dist\\server\\next.js',
    'D:\\trae\\importOrder\\node_modules\\next\\dist\\server\\lib\\start-server.js',
    'D:\\trae\\importOrder\\node_modules\\next\\dist\\cli\\next-start.js'
  ]
}
 ⨯ Error: Cannot find module './682.js'
Require stack:
- D:\trae\importOrder\.next\server\webpack-runtime.js
- D:\trae\importOrder\.next\server\pages\_document.js
- D:\trae\importOrder\node_modules\next\dist\server\require.js
- D:\trae\importOrder\node_modules\next\dist\server\next-server.js
- D:\trae\importOrder\node_modules\next\dist\server\next.js
- D:\trae\importOrder\node_modules\next\dist\server\lib\start-server.js
- D:\trae\importOrder\node_modules\next\dist\cli\next-start.js
    at Module.<anonymous> (node:internal/modules/cjs/loader:1456:15)
    at D:\trae\importOrder\node_modules\next\dist\server\require-hook.js:55:36
    at defaultResolveImpl (node:internal/modules/cjs/loader:1066:19)
    at resolveForCJSWithHooks (node:internal/modules/cjs/loader:1071:22)
    at Module._load (node:internal/modules/cjs/loader:1242:25)
    at wrapModuleLoad (node:internal/modules/cjs/loader:255:19)
    at Module.<anonymous> (node:internal/modules/cjs/loader:1556:12)
    at mod.require (D:\trae\importOrder\node_modules\next\dist\server\require-hook.js:65:28)
    at require (node:internal/modules/helpers:152:16)
    at __webpack_require__.f.require (D:\trae\importOrder\.next\server\webpack-runtime.js:203:28) {
  code: 'MODULE_NOT_FOUND',
  requireStack: [
    'D:\\trae\\importOrder\\.next\\server\\webpack-runtime.js',
    'D:\\trae\\importOrder\\.next\\server\\pages\\_document.js',
    'D:\\trae\\importOrder\\node_modules\\next\\dist\\server\\require.js',
    'D:\\trae\\importOrder\\node_modules\\next\\dist\\server\\next-server.js',
    'D:\\trae\\importOrder\\node_modules\\next\\dist\\server\\next.js',
    'D:\\trae\\importOrder\\node_modules\\next\\dist\\server\\lib\\start-server.js',
    'D:\\trae\\importOrder\\node_modules\\next\\dist\\cli\\next-start.js'
  ]
}
 ⨯ Error: Cannot find module './276.js'
Require stack:
- D:\trae\importOrder\.next\server\webpack-runtime.js
- D:\trae\importOrder\.next\server\pages\_document.js
- D:\trae\importOrder\node_modules\next\dist\server\require.js
- D:\trae\importOrder\node_modules\next\dist\server\next-server.js
- D:\trae\importOrder\node_modules\next\dist\server\next.js
- D:\trae\importOrder\node_modules\next\dist\server\lib\start-server.js
- D:\trae\importOrder\node_modules\next\dist\cli\next-start.js
    at Module.<anonymous> (node:internal/modules/cjs/loader:1456:15)
    at D:\trae\importOrder\node_modules\next\dist\server\require-hook.js:55:36
    at defaultResolveImpl (node:internal/modules/cjs/loader:1066:19)
    at resolveForCJSWithHooks (node:internal/modules/cjs/loader:1071:22)
    at Module._load (node:internal/modules/cjs/loader:1242:25)
    at wrapModuleLoad (node:internal/modules/cjs/loader:255:19)
    at Module.<anonymous> (node:internal/modules/cjs/loader:1556:12)
    at mod.require (D:\trae\importOrder\node_modules\next\dist\server\require-hook.js:65:28)
    at require (node:internal/modules/helpers:152:16)
    at __webpack_require__.f.require (D:\trae\importOrder\.next\server\webpack-runtime.js:203:28) {
  code: 'MODULE_NOT_FOUND',
  requireStack: [
    'D:\\trae\\importOrder\\.next\\server\\webpack-runtime.js',
    'D:\\trae\\importOrder\\.next\\server\\pages\\_document.js',
    'D:\\trae\\importOrder\\node_modules\\next\\dist\\server\\require.js',
    'D:\\trae\\importOrder\\node_modules\\next\\dist\\server\\next-server.js',
    'D:\\trae\\importOrder\\node_modules\\next\\dist\\server\\next.js',
    'D:\\trae\\importOrder\\node_modules\\next\\dist\\server\\lib\\start-server.js',
    'D:\\trae\\importOrder\\node_modules\\next\\dist\\cli\\next-start.js'
  ]
}
 ⨯ Error: Cannot find module './682.js'
Require stack:
- D:\trae\importOrder\.next\server\webpack-runtime.js
- D:\trae\importOrder\.next\server\pages\_document.js
- D:\trae\importOrder\node_modules\next\dist\server\require.js
- D:\trae\importOrder\node_modules\next\dist\server\next-server.js
- D:\trae\importOrder\node_modules\next\dist\server\next.js
- D:\trae\importOrder\node_modules\next\dist\server\lib\start-server.js
- D:\trae\importOrder\node_modules\next\dist\cli\next-start.js
    at Module.<anonymous> (node:internal/modules/cjs/loader:1456:15)
    at D:\trae\importOrder\node_modules\next\dist\server\require-hook.js:55:36
    at defaultResolveImpl (node:internal/modules/cjs/loader:1066:19)
    at resolveForCJSWithHooks (node:internal/modules/cjs/loader:1071:22)
    at Module._load (node:internal/modules/cjs/loader:1242:25)
    at wrapModuleLoad (node:internal/modules/cjs/loader:255:19)
    at Module.<anonymous> (node:internal/modules/cjs/loader:1556:12)
    at mod.require (D:\trae\importOrder\node_modules\next\dist\server\require-hook.js:65:28)
    at require (node:internal/modules/helpers:152:16)
    at __webpack_require__.f.require (D:\trae\importOrder\.next\server\webpack-runtime.js:203:28) {
  code: 'MODULE_NOT_FOUND',
  requireStack: [
    'D:\\trae\\importOrder\\.next\\server\\webpack-runtime.js',
    'D:\\trae\\importOrder\\.next\\server\\pages\\_document.js',
    'D:\\trae\\importOrder\\node_modules\\next\\dist\\server\\require.js',
    'D:\\trae\\importOrder\\node_modules\\next\\dist\\server\\next-server.js',
    'D:\\trae\\importOrder\\node_modules\\next\\dist\\server\\next.js',
    'D:\\trae\\importOrder\\node_modules\\next\\dist\\server\\lib\\start-server.js',
    'D:\\trae\\importOrder\\node_modules\\next\\dist\\cli\\next-start.js'
  ]
}
 ⨯ Error: Cannot find module './276.js'
Require stack:
- D:\trae\importOrder\.next\server\webpack-runtime.js
- D:\trae\importOrder\.next\server\pages\_document.js
- D:\trae\importOrder\node_modules\next\dist\server\require.js
- D:\trae\importOrder\node_modules\next\dist\server\next-server.js
- D:\trae\importOrder\node_modules\next\dist\server\next.js
- D:\trae\importOrder\node_modules\next\dist\server\lib\start-server.js
- D:\trae\importOrder\node_modules\next\dist\cli\next-start.js
    at Module.<anonymous> (node:internal/modules/cjs/loader:1456:15)
    at D:\trae\importOrder\node_modules\next\dist\server\require-hook.js:55:36
    at defaultResolveImpl (node:internal/modules/cjs/loader:1066:19)
    at resolveForCJSWithHooks (node:internal/modules/cjs/loader:1071:22)
    at Module._load (node:internal/modules/cjs/loader:1242:25)
    at wrapModuleLoad (node:internal/modules/cjs/loader:255:19)
    at Module.<anonymous> (node:internal/modules/cjs/loader:1556:12)
    at mod.require (D:\trae\importOrder\node_modules\next\dist\server\require-hook.js:65:28)
    at require (node:internal/modules/helpers:152:16)
    at __webpack_require__.f.require (D:\trae\importOrder\.next\server\webpack-runtime.js:203:28) {
  code: 'MODULE_NOT_FOUND',
  requireStack: [
    'D:\\trae\\importOrder\\.next\\server\\webpack-runtime.js',
    'D:\\trae\\importOrder\\.next\\server\\pages\\_document.js',
    'D:\\trae\\importOrder\\node_modules\\next\\dist\\server\\require.js',
    'D:\\trae\\importOrder\\node_modules\\next\\dist\\server\\next-server.js',
    'D:\\trae\\importOrder\\node_modules\\next\\dist\\server\\next.js',
    'D:\\trae\\importOrder\\node_modules\\next\\dist\\server\\lib\\start-server.js',
    'D:\\trae\\importOrder\\node_modules\\next\\dist\\cli\\next-start.js'
  ]
}
 ⨯ Error: Cannot find module './682.js'
Require stack:
- D:\trae\importOrder\.next\server\webpack-runtime.js
- D:\trae\importOrder\.next\server\pages\_document.js
- D:\trae\importOrder\node_modules\next\dist\server\require.js
- D:\trae\importOrder\node_modules\next\dist\server\next-server.js
- D:\trae\importOrder\node_modules\next\dist\server\next.js
- D:\trae\importOrder\node_modules\next\dist\server\lib\start-server.js
- D:\trae\importOrder\node_modules\next\dist\cli\next-start.js
    at Module.<anonymous> (node:internal/modules/cjs/loader:1456:15)
    at D:\trae\importOrder\node_modules\next\dist\server\require-hook.js:55:36
    at defaultResolveImpl (node:internal/modules/cjs/loader:1066:19)
    at resolveForCJSWithHooks (node:internal/modules/cjs/loader:1071:22)
    at Module._load (node:internal/modules/cjs/loader:1242:25)
    at wrapModuleLoad (node:internal/modules/cjs/loader:255:19)
    at Module.<anonymous> (node:internal/modules/cjs/loader:1556:12)
    at mod.require (D:\trae\importOrder\node_modules\next\dist\server\require-hook.js:65:28)
    at require (node:internal/modules/helpers:152:16)
    at __webpack_require__.f.require (D:\trae\importOrder\.next\server\webpack-runtime.js:203:28) {
  code: 'MODULE_NOT_FOUND',
  requireStack: [
    'D:\\trae\\importOrder\\.next\\server\\webpack-runtime.js',
    'D:\\trae\\importOrder\\.next\\server\\pages\\_document.js',
    'D:\\trae\\importOrder\\node_modules\\next\\dist\\server\\require.js',
    'D:\\trae\\importOrder\\node_modules\\next\\dist\\server\\next-server.js',
    'D:\\trae\\importOrder\\node_modules\\next\\dist\\server\\next.js',
    'D:\\trae\\importOrder\\node_modules\\next\\dist\\server\\lib\\start-server.js',
    'D:\\trae\\importOrder\\node_modules\\next\\dist\\cli\\next-start.js'
  ]
}
 ⨯ Error: Cannot find module './276.js'
Require stack:
- D:\trae\importOrder\.next\server\webpack-runtime.js
- D:\trae\importOrder\.next\server\pages\_document.js
- D:\trae\importOrder\node_modules\next\dist\server\require.js
- D:\trae\importOrder\node_modules\next\dist\server\next-server.js
- D:\trae\importOrder\node_modules\next\dist\server\next.js
- D:\trae\importOrder\node_modules\next\dist\server\lib\start-server.js
- D:\trae\importOrder\node_modules\next\dist\cli\next-start.js
    at Module.<anonymous> (node:internal/modules/cjs/loader:1456:15)
    at D:\trae\importOrder\node_modules\next\dist\server\require-hook.js:55:36
    at defaultResolveImpl (node:internal/modules/cjs/loader:1066:19)
    at resolveForCJSWithHooks (node:internal/modules/cjs/loader:1071:22)
    at Module._load (node:internal/modules/cjs/loader:1242:25)
    at wrapModuleLoad (node:internal/modules/cjs/loader:255:19)
    at Module.<anonymous> (node:internal/modules/cjs/loader:1556:12)
    at mod.require (D:\trae\importOrder\node_modules\next\dist\server\require-hook.js:65:28)
    at require (node:internal/modules/helpers:152:16)
    at __webpack_require__.f.require (D:\trae\importOrder\.next\server\webpack-runtime.js:203:28) {
  code: 'MODULE_NOT_FOUND',
  requireStack: [
    'D:\\trae\\importOrder\\.next\\server\\webpack-runtime.js',
    'D:\\trae\\importOrder\\.next\\server\\pages\\_document.js',
    'D:\\trae\\importOrder\\node_modules\\next\\dist\\server\\require.js',
    'D:\\trae\\importOrder\\node_modules\\next\\dist\\server\\next-server.js',
    'D:\\trae\\importOrder\\node_modules\\next\\dist\\server\\next.js',
    'D:\\trae\\importOrder\\node_modules\\next\\dist\\server\\lib\\start-server.js',
    'D:\\trae\\importOrder\\node_modules\\next\\dist\\cli\\next-start.js'
  ]
}
 ⨯ Error: Cannot find module './682.js'
Require stack:
- D:\trae\importOrder\.next\server\webpack-runtime.js
- D:\trae\importOrder\.next\server\pages\_document.js
- D:\trae\importOrder\node_modules\next\dist\server\require.js
- D:\trae\importOrder\node_modules\next\dist\server\next-server.js
- D:\trae\importOrder\node_modules\next\dist\server\next.js
- D:\trae\importOrder\node_modules\next\dist\server\lib\start-server.js
- D:\trae\importOrder\node_modules\next\dist\cli\next-start.js
    at Module.<anonymous> (node:internal/modules/cjs/loader:1456:15)
    at D:\trae\importOrder\node_modules\next\dist\server\require-hook.js:55:36
    at defaultResolveImpl (node:internal/modules/cjs/loader:1066:19)
    at resolveForCJSWithHooks (node:internal/modules/cjs/loader:1071:22)
    at Module._load (node:internal/modules/cjs/loader:1242:25)
    at wrapModuleLoad (node:internal/modules/cjs/loader:255:19)
    at Module.<anonymous> (node:internal/modules/cjs/loader:1556:12)
    at mod.require (D:\trae\importOrder\node_modules\next\dist\server\require-hook.js:65:28)
    at require (node:internal/modules/helpers:152:16)
    at __webpack_require__.f.require (D:\trae\importOrder\.next\server\webpack-runtime.js:203:28) {
  code: 'MODULE_NOT_FOUND',
  requireStack: [
    'D:\\trae\\importOrder\\.next\\server\\webpack-runtime.js',
    'D:\\trae\\importOrder\\.next\\server\\pages\\_document.js',
    'D:\\trae\\importOrder\\node_modules\\next\\dist\\server\\require.js',
    'D:\\trae\\importOrder\\node_modules\\next\\dist\\server\\next-server.js',
    'D:\\trae\\importOrder\\node_modules\\next\\dist\\server\\next.js',
    'D:\\trae\\importOrder\\node_modules\\next\\dist\\server\\lib\\start-server.js',
    'D:\\trae\\importOrder\\node_modules\\next\\dist\\cli\\next-start.js'
  ]
}
 ⨯ Error: Cannot find module './276.js'
Require stack:
- D:\trae\importOrder\.next\server\webpack-runtime.js
- D:\trae\importOrder\.next\server\pages\_document.js
- D:\trae\importOrder\node_modules\next\dist\server\require.js
- D:\trae\importOrder\node_modules\next\dist\server\next-server.js
- D:\trae\importOrder\node_modules\next\dist\server\next.js
- D:\trae\importOrder\node_modules\next\dist\server\lib\start-server.js
- D:\trae\importOrder\node_modules\next\dist\cli\next-start.js
    at Module.<anonymous> (node:internal/modules/cjs/loader:1456:15)
    at D:\trae\importOrder\node_modules\next\dist\server\require-hook.js:55:36
    at defaultResolveImpl (node:internal/modules/cjs/loader:1066:19)
    at resolveForCJSWithHooks (node:internal/modules/cjs/loader:1071:22)
    at Module._load (node:internal/modules/cjs/loader:1242:25)
    at wrapModuleLoad (node:internal/modules/cjs/loader:255:19)
    at Module.<anonymous> (node:internal/modules/cjs/loader:1556:12)
    at mod.require (D:\trae\importOrder\node_modules\next\dist\server\require-hook.js:65:28)
    at require (node:internal/modules/helpers:152:16)
    at __webpack_require__.f.require (D:\trae\importOrder\.next\server\webpack-runtime.js:203:28) {
  code: 'MODULE_NOT_FOUND',
  requireStack: [
    'D:\\trae\\importOrder\\.next\\server\\webpack-runtime.js',
    'D:\\trae\\importOrder\\.next\\server\\pages\\_document.js',
    'D:\\trae\\importOrder\\node_modules\\next\\dist\\server\\require.js',
    'D:\\trae\\importOrder\\node_modules\\next\\dist\\server\\next-server.js',
    'D:\\trae\\importOrder\\node_modules\\next\\dist\\server\\next.js',
    'D:\\trae\\importOrder\\node_modules\\next\\dist\\server\\lib\\start-server.js',
    'D:\\trae\\importOrder\\node_modules\\next\\dist\\cli\\next-start.js'
  ]
}
 ⨯ Error: Cannot find module './682.js'
Require stack:
- D:\trae\importOrder\.next\server\webpack-runtime.js
- D:\trae\importOrder\.next\server\pages\_document.js
- D:\trae\importOrder\node_modules\next\dist\server\require.js
- D:\trae\importOrder\node_modules\next\dist\server\next-server.js
- D:\trae\importOrder\node_modules\next\dist\server\next.js
- D:\trae\importOrder\node_modules\next\dist\server\lib\start-server.js
- D:\trae\importOrder\node_modules\next\dist\cli\next-start.js
    at Module.<anonymous> (node:internal/modules/cjs/loader:1456:15)
    at D:\trae\importOrder\node_modules\next\dist\server\require-hook.js:55:36
    at defaultResolveImpl (node:internal/modules/cjs/loader:1066:19)
    at resolveForCJSWithHooks (node:internal/modules/cjs/loader:1071:22)
    at Module._load (node:internal/modules/cjs/loader:1242:25)
    at wrapModuleLoad (node:internal/modules/cjs/loader:255:19)
    at Module.<anonymous> (node:internal/modules/cjs/loader:1556:12)
    at mod.require (D:\trae\importOrder\node_modules\next\dist\server\require-hook.js:65:28)
    at require (node:internal/modules/helpers:152:16)
    at __webpack_require__.f.require (D:\trae\importOrder\.next\server\webpack-runtime.js:203:28) {
  code: 'MODULE_NOT_FOUND',
  requireStack: [
    'D:\\trae\\importOrder\\.next\\server\\webpack-runtime.js',
    'D:\\trae\\importOrder\\.next\\server\\pages\\_document.js',
    'D:\\trae\\importOrder\\node_modules\\next\\dist\\server\\require.js',
    'D:\\trae\\importOrder\\node_modules\\next\\dist\\server\\next-server.js',
    'D:\\trae\\importOrder\\node_modules\\next\\dist\\server\\next.js',
    'D:\\trae\\importOrder\\node_modules\\next\\dist\\server\\lib\\start-server.js',
    'D:\\trae\\importOrder\\node_modules\\next\\dist\\cli\\next-start.js'
  ]
}
 ⨯ Error: Cannot find module './276.js'
Require stack:
- D:\trae\importOrder\.next\server\webpack-runtime.js
- D:\trae\importOrder\.next\server\pages\_document.js
- D:\trae\importOrder\node_modules\next\dist\server\require.js
- D:\trae\importOrder\node_modules\next\dist\server\next-server.js
- D:\trae\importOrder\node_modules\next\dist\server\next.js
- D:\trae\importOrder\node_modules\next\dist\server\lib\start-server.js
- D:\trae\importOrder\node_modules\next\dist\cli\next-start.js
    at Module.<anonymous> (node:internal/modules/cjs/loader:1456:15)
    at D:\trae\importOrder\node_modules\next\dist\server\require-hook.js:55:36
    at defaultResolveImpl (node:internal/modules/cjs/loader:1066:19)
    at resolveForCJSWithHooks (node:internal/modules/cjs/loader:1071:22)
    at Module._load (node:internal/modules/cjs/loader:1242:25)
    at wrapModuleLoad (node:internal/modules/cjs/loader:255:19)
    at Module.<anonymous> (node:internal/modules/cjs/loader:1556:12)
    at mod.require (D:\trae\importOrder\node_modules\next\dist\server\require-hook.js:65:28)
    at require (node:internal/modules/helpers:152:16)
    at __webpack_require__.f.require (D:\trae\importOrder\.next\server\webpack-runtime.js:203:28) {
  code: 'MODULE_NOT_FOUND',
  requireStack: [
    'D:\\trae\\importOrder\\.next\\server\\webpack-runtime.js',
    'D:\\trae\\importOrder\\.next\\server\\pages\\_document.js',
    'D:\\trae\\importOrder\\node_modules\\next\\dist\\server\\require.js',
    'D:\\trae\\importOrder\\node_modules\\next\\dist\\server\\next-server.js',
    'D:\\trae\\importOrder\\node_modules\\next\\dist\\server\\next.js',
    'D:\\trae\\importOrder\\node_modules\\next\\dist\\server\\lib\\start-server.js',
    'D:\\trae\\importOrder\\node_modules\\next\\dist\\cli\\next-start.js'
  ]
}
 ⨯ Error: Cannot find module './682.js'
Require stack:
- D:\trae\importOrder\.next\server\webpack-runtime.js
- D:\trae\importOrder\.next\server\pages\_document.js
- D:\trae\importOrder\node_modules\next\dist\server\require.js
- D:\trae\importOrder\node_modules\next\dist\server\next-server.js
- D:\trae\importOrder\node_modules\next\dist\server\next.js
- D:\trae\importOrder\node_modules\next\dist\server\lib\start-server.js
- D:\trae\importOrder\node_modules\next\dist\cli\next-start.js
    at Module.<anonymous> (node:internal/modules/cjs/loader:1456:15)
    at D:\trae\importOrder\node_modules\next\dist\server\require-hook.js:55:36
    at defaultResolveImpl (node:internal/modules/cjs/loader:1066:19)
    at resolveForCJSWithHooks (node:internal/modules/cjs/loader:1071:22)
    at Module._load (node:internal/modules/cjs/loader:1242:25)
    at wrapModuleLoad (node:internal/modules/cjs/loader:255:19)
    at Module.<anonymous> (node:internal/modules/cjs/loader:1556:12)
    at mod.require (D:\trae\importOrder\node_modules\next\dist\server\require-hook.js:65:28)
    at require (node:internal/modules/helpers:152:16)
    at __webpack_require__.f.require (D:\trae\importOrder\.next\server\webpack-runtime.js:203:28) {
  code: 'MODULE_NOT_FOUND',
  requireStack: [
    'D:\\trae\\importOrder\\.next\\server\\webpack-runtime.js',
    'D:\\trae\\importOrder\\.next\\server\\pages\\_document.js',
    'D:\\trae\\importOrder\\node_modules\\next\\dist\\server\\require.js',
    'D:\\trae\\importOrder\\node_modules\\next\\dist\\server\\next-server.js',
    'D:\\trae\\importOrder\\node_modules\\next\\dist\\server\\next.js',
    'D:\\trae\\importOrder\\node_modules\\next\\dist\\server\\lib\\start-server.js',
    'D:\\trae\\importOrder\\node_modules\\next\\dist\\cli\\next-start.js'
  ]
}
 ⨯ Error: Cannot find module './276.js'
Require stack:
- D:\trae\importOrder\.next\server\webpack-runtime.js
- D:\trae\importOrder\.next\server\pages\_document.js
- D:\trae\importOrder\node_modules\next\dist\server\require.js
- D:\trae\importOrder\node_modules\next\dist\server\next-server.js
- D:\trae\importOrder\node_modules\next\dist\server\next.js
- D:\trae\importOrder\node_modules\next\dist\server\lib\start-server.js
- D:\trae\importOrder\node_modules\next\dist\cli\next-start.js
    at Module.<anonymous> (node:internal/modules/cjs/loader:1456:15)
    at D:\trae\importOrder\node_modules\next\dist\server\require-hook.js:55:36
    at defaultResolveImpl (node:internal/modules/cjs/loader:1066:19)
    at resolveForCJSWithHooks (node:internal/modules/cjs/loader:1071:22)
    at Module._load (node:internal/modules/cjs/loader:1242:25)
    at wrapModuleLoad (node:internal/modules/cjs/loader:255:19)
    at Module.<anonymous> (node:internal/modules/cjs/loader:1556:12)
    at mod.require (D:\trae\importOrder\node_modules\next\dist\server\require-hook.js:65:28)
    at require (node:internal/modules/helpers:152:16)
    at __webpack_require__.f.require (D:\trae\importOrder\.next\server\webpack-runtime.js:203:28) {
  code: 'MODULE_NOT_FOUND',
  requireStack: [
    'D:\\trae\\importOrder\\.next\\server\\webpack-runtime.js',
    'D:\\trae\\importOrder\\.next\\server\\pages\\_document.js',
    'D:\\trae\\importOrder\\node_modules\\next\\dist\\server\\require.js',
    'D:\\trae\\importOrder\\node_modules\\next\\dist\\server\\next-server.js',
    'D:\\trae\\importOrder\\node_modules\\next\\dist\\server\\next.js',
    'D:\\trae\\importOrder\\node_modules\\next\\dist\\server\\lib\\start-server.js',
    'D:\\trae\\importOrder\\node_modules\\next\\dist\\cli\\next-start.js'
  ]
}
 ⨯ Error: Cannot find module './682.js'
Require stack:
- D:\trae\importOrder\.next\server\webpack-runtime.js
- D:\trae\importOrder\.next\server\pages\_document.js
- D:\trae\importOrder\node_modules\next\dist\server\require.js
- D:\trae\importOrder\node_modules\next\dist\server\next-server.js
- D:\trae\importOrder\node_modules\next\dist\server\next.js
- D:\trae\importOrder\node_modules\next\dist\server\lib\start-server.js
- D:\trae\importOrder\node_modules\next\dist\cli\next-start.js
    at Module.<anonymous> (node:internal/modules/cjs/loader:1456:15)
    at D:\trae\importOrder\node_modules\next\dist\server\require-hook.js:55:36
    at defaultResolveImpl (node:internal/modules/cjs/loader:1066:19)
    at resolveForCJSWithHooks (node:internal/modules/cjs/loader:1071:22)
    at Module._load (node:internal/modules/cjs/loader:1242:25)
    at wrapModuleLoad (node:internal/modules/cjs/loader:255:19)
    at Module.<anonymous> (node:internal/modules/cjs/loader:1556:12)
    at mod.require (D:\trae\importOrder\node_modules\next\dist\server\require-hook.js:65:28)
    at require (node:internal/modules/helpers:152:16)
    at __webpack_require__.f.require (D:\trae\importOrder\.next\server\webpack-runtime.js:203:28) {
  code: 'MODULE_NOT_FOUND',
  requireStack: [
    'D:\\trae\\importOrder\\.next\\server\\webpack-runtime.js',
    'D:\\trae\\importOrder\\.next\\server\\pages\\_document.js',
    'D:\\trae\\importOrder\\node_modules\\next\\dist\\server\\require.js',
    'D:\\trae\\importOrder\\node_modules\\next\\dist\\server\\next-server.js',
    'D:\\trae\\importOrder\\node_modules\\next\\dist\\server\\next.js',
    'D:\\trae\\importOrder\\node_modules\\next\\dist\\server\\lib\\start-server.js',
    'D:\\trae\\importOrder\\node_modules\\next\\dist\\cli\\next-start.js'
  ]
}
 ⨯ Error: Cannot find module './276.js'
Require stack:
- D:\trae\importOrder\.next\server\webpack-runtime.js
- D:\trae\importOrder\.next\server\pages\_document.js
- D:\trae\importOrder\node_modules\next\dist\server\require.js
- D:\trae\importOrder\node_modules\next\dist\server\next-server.js
- D:\trae\importOrder\node_modules\next\dist\server\next.js
- D:\trae\importOrder\node_modules\next\dist\server\lib\start-server.js
- D:\trae\importOrder\node_modules\next\dist\cli\next-start.js
    at Module.<anonymous> (node:internal/modules/cjs/loader:1456:15)
    at D:\trae\importOrder\node_modules\next\dist\server\require-hook.js:55:36
    at defaultResolveImpl (node:internal/modules/cjs/loader:1066:19)
    at resolveForCJSWithHooks (node:internal/modules/cjs/loader:1071:22)
    at Module._load (node:internal/modules/cjs/loader:1242:25)
    at wrapModuleLoad (node:internal/modules/cjs/loader:255:19)
    at Module.<anonymous> (node:internal/modules/cjs/loader:1556:12)
    at mod.require (D:\trae\importOrder\node_modules\next\dist\server\require-hook.js:65:28)
    at require (node:internal/modules/helpers:152:16)
    at __webpack_require__.f.require (D:\trae\importOrder\.next\server\webpack-runtime.js:203:28) {
  code: 'MODULE_NOT_FOUND',
  requireStack: [
    'D:\\trae\\importOrder\\.next\\server\\webpack-runtime.js',
    'D:\\trae\\importOrder\\.next\\server\\pages\\_document.js',
    'D:\\trae\\importOrder\\node_modules\\next\\dist\\server\\require.js',
    'D:\\trae\\importOrder\\node_modules\\next\\dist\\server\\next-server.js',
    'D:\\trae\\importOrder\\node_modules\\next\\dist\\server\\next.js',
    'D:\\trae\\importOrder\\node_modules\\next\\dist\\server\\lib\\start-server.js',
    'D:\\trae\\importOrder\\node_modules\\next\\dist\\cli\\next-start.js'
  ]
}
 ⨯ Error: Cannot find module './682.js'
Require stack:
- D:\trae\importOrder\.next\server\webpack-runtime.js
- D:\trae\importOrder\.next\server\pages\_document.js
- D:\trae\importOrder\node_modules\next\dist\server\require.js
- D:\trae\importOrder\node_modules\next\dist\server\next-server.js
- D:\trae\importOrder\node_modules\next\dist\server\next.js
- D:\trae\importOrder\node_modules\next\dist\server\lib\start-server.js
- D:\trae\importOrder\node_modules\next\dist\cli\next-start.js
    at Module.<anonymous> (node:internal/modules/cjs/loader:1456:15)
    at D:\trae\importOrder\node_modules\next\dist\server\require-hook.js:55:36
    at defaultResolveImpl (node:internal/modules/cjs/loader:1066:19)
    at resolveForCJSWithHooks (node:internal/modules/cjs/loader:1071:22)
    at Module._load (node:internal/modules/cjs/loader:1242:25)
    at wrapModuleLoad (node:internal/modules/cjs/loader:255:19)
    at Module.<anonymous> (node:internal/modules/cjs/loader:1556:12)
    at mod.require (D:\trae\importOrder\node_modules\next\dist\server\require-hook.js:65:28)
    at require (node:internal/modules/helpers:152:16)
    at __webpack_require__.f.require (D:\trae\importOrder\.next\server\webpack-runtime.js:203:28) {
  code: 'MODULE_NOT_FOUND',
  requireStack: [
    'D:\\trae\\importOrder\\.next\\server\\webpack-runtime.js',
    'D:\\trae\\importOrder\\.next\\server\\pages\\_document.js',
    'D:\\trae\\importOrder\\node_modules\\next\\dist\\server\\require.js',
    'D:\\trae\\importOrder\\node_modules\\next\\dist\\server\\next-server.js',
    'D:\\trae\\importOrder\\node_modules\\next\\dist\\server\\next.js',
    'D:\\trae\\importOrder\\node_modules\\next\\dist\\server\\lib\\start-server.js',
    'D:\\trae\\importOrder\\node_modules\\next\\dist\\cli\\next-start.js'
  ]
}
 ⨯ Error: Cannot find module './276.js'
Require stack:
- D:\trae\importOrder\.next\server\webpack-runtime.js
- D:\trae\importOrder\.next\server\pages\_document.js
- D:\trae\importOrder\node_modules\next\dist\server\require.js
- D:\trae\importOrder\node_modules\next\dist\server\next-server.js
- D:\trae\importOrder\node_modules\next\dist\server\next.js
- D:\trae\importOrder\node_modules\next\dist\server\lib\start-server.js
- D:\trae\importOrder\node_modules\next\dist\cli\next-start.js
    at Module.<anonymous> (node:internal/modules/cjs/loader:1456:15)
    at D:\trae\importOrder\node_modules\next\dist\server\require-hook.js:55:36
    at defaultResolveImpl (node:internal/modules/cjs/loader:1066:19)
    at resolveForCJSWithHooks (node:internal/modules/cjs/loader:1071:22)
    at Module._load (node:internal/modules/cjs/loader:1242:25)
    at wrapModuleLoad (node:internal/modules/cjs/loader:255:19)
    at Module.<anonymous> (node:internal/modules/cjs/loader:1556:12)
    at mod.require (D:\trae\importOrder\node_modules\next\dist\server\require-hook.js:65:28)
    at require (node:internal/modules/helpers:152:16)
    at __webpack_require__.f.require (D:\trae\importOrder\.next\server\webpack-runtime.js:203:28) {
  code: 'MODULE_NOT_FOUND',
  requireStack: [
    'D:\\trae\\importOrder\\.next\\server\\webpack-runtime.js',
    'D:\\trae\\importOrder\\.next\\server\\pages\\_document.js',
    'D:\\trae\\importOrder\\node_modules\\next\\dist\\server\\require.js',
    'D:\\trae\\importOrder\\node_modules\\next\\dist\\server\\next-server.js',
    'D:\\trae\\importOrder\\node_modules\\next\\dist\\server\\next.js',
    'D:\\trae\\importOrder\\node_modules\\next\\dist\\server\\lib\\start-server.js',
    'D:\\trae\\importOrder\\node_modules\\next\\dist\\cli\\next-start.js'
  ]
}
 ⨯ Error: Cannot find module './682.js'
Require stack:
- D:\trae\importOrder\.next\server\webpack-runtime.js
- D:\trae\importOrder\.next\server\pages\_document.js
- D:\trae\importOrder\node_modules\next\dist\server\require.js
- D:\trae\importOrder\node_modules\next\dist\server\next-server.js
- D:\trae\importOrder\node_modules\next\dist\server\next.js
- D:\trae\importOrder\node_modules\next\dist\server\lib\start-server.js
- D:\trae\importOrder\node_modules\next\dist\cli\next-start.js
    at Module.<anonymous> (node:internal/modules/cjs/loader:1456:15)
    at D:\trae\importOrder\node_modules\next\dist\server\require-hook.js:55:36
    at defaultResolveImpl (node:internal/modules/cjs/loader:1066:19)
    at resolveForCJSWithHooks (node:internal/modules/cjs/loader:1071:22)
    at Module._load (node:internal/modules/cjs/loader:1242:25)
    at wrapModuleLoad (node:internal/modules/cjs/loader:255:19)
    at Module.<anonymous> (node:internal/modules/cjs/loader:1556:12)
    at mod.require (D:\trae\importOrder\node_modules\next\dist\server\require-hook.js:65:28)
    at require (node:internal/modules/helpers:152:16)
    at __webpack_require__.f.require (D:\trae\importOrder\.next\server\webpack-runtime.js:203:28) {
  code: 'MODULE_NOT_FOUND',
  requireStack: [
    'D:\\trae\\importOrder\\.next\\server\\webpack-runtime.js',
    'D:\\trae\\importOrder\\.next\\server\\pages\\_document.js',
    'D:\\trae\\importOrder\\node_modules\\next\\dist\\server\\require.js',
    'D:\\trae\\importOrder\\node_modules\\next\\dist\\server\\next-server.js',
    'D:\\trae\\importOrder\\node_modules\\next\\dist\\server\\next.js',
    'D:\\trae\\importOrder\\node_modules\\next\\dist\\server\\lib\\start-server.js',
    'D:\\trae\\importOrder\\node_modules\\next\\dist\\cli\\next-start.js'
  ]
}
 ⨯ Error: Cannot find module './276.js'
Require stack:
- D:\trae\importOrder\.next\server\webpack-runtime.js
- D:\trae\importOrder\.next\server\pages\_document.js
- D:\trae\importOrder\node_modules\next\dist\server\require.js
- D:\trae\importOrder\node_modules\next\dist\server\next-server.js
- D:\trae\importOrder\node_modules\next\dist\server\next.js
- D:\trae\importOrder\node_modules\next\dist\server\lib\start-server.js
- D:\trae\importOrder\node_modules\next\dist\cli\next-start.js
    at Module.<anonymous> (node:internal/modules/cjs/loader:1456:15)
    at D:\trae\importOrder\node_modules\next\dist\server\require-hook.js:55:36
    at defaultResolveImpl (node:internal/modules/cjs/loader:1066:19)
    at resolveForCJSWithHooks (node:internal/modules/cjs/loader:1071:22)
    at Module._load (node:internal/modules/cjs/loader:1242:25)
    at wrapModuleLoad (node:internal/modules/cjs/loader:255:19)
    at Module.<anonymous> (node:internal/modules/cjs/loader:1556:12)
    at mod.require (D:\trae\importOrder\node_modules\next\dist\server\require-hook.js:65:28)
    at require (node:internal/modules/helpers:152:16)
    at __webpack_require__.f.require (D:\trae\importOrder\.next\server\webpack-runtime.js:203:28) {
  code: 'MODULE_NOT_FOUND',
  requireStack: [
    'D:\\trae\\importOrder\\.next\\server\\webpack-runtime.js',
    'D:\\trae\\importOrder\\.next\\server\\pages\\_document.js',
    'D:\\trae\\importOrder\\node_modules\\next\\dist\\server\\require.js',
    'D:\\trae\\importOrder\\node_modules\\next\\dist\\server\\next-server.js',
    'D:\\trae\\importOrder\\node_modules\\next\\dist\\server\\next.js',
    'D:\\trae\\importOrder\\node_modules\\next\\dist\\server\\lib\\start-server.js',
    'D:\\trae\\importOrder\\node_modules\\next\\dist\\cli\\next-start.js'
  ]
}
 ⨯ Error: Cannot find module './682.js'
Require stack:
- D:\trae\importOrder\.next\server\webpack-runtime.js
- D:\trae\importOrder\.next\server\pages\_document.js
- D:\trae\importOrder\node_modules\next\dist\server\require.js
- D:\trae\importOrder\node_modules\next\dist\server\next-server.js
- D:\trae\importOrder\node_modules\next\dist\server\next.js
- D:\trae\importOrder\node_modules\next\dist\server\lib\start-server.js
- D:\trae\importOrder\node_modules\next\dist\cli\next-start.js
    at Module.<anonymous> (node:internal/modules/cjs/loader:1456:15)
    at D:\trae\importOrder\node_modules\next\dist\server\require-hook.js:55:36
    at defaultResolveImpl (node:internal/modules/cjs/loader:1066:19)
    at resolveForCJSWithHooks (node:internal/modules/cjs/loader:1071:22)
    at Module._load (node:internal/modules/cjs/loader:1242:25)
    at wrapModuleLoad (node:internal/modules/cjs/loader:255:19)
    at Module.<anonymous> (node:internal/modules/cjs/loader:1556:12)
    at mod.require (D:\trae\importOrder\node_modules\next\dist\server\require-hook.js:65:28)
    at require (node:internal/modules/helpers:152:16)
    at __webpack_require__.f.require (D:\trae\importOrder\.next\server\webpack-runtime.js:203:28) {
  code: 'MODULE_NOT_FOUND',
  requireStack: [
    'D:\\trae\\importOrder\\.next\\server\\webpack-runtime.js',
    'D:\\trae\\importOrder\\.next\\server\\pages\\_document.js',
    'D:\\trae\\importOrder\\node_modules\\next\\dist\\server\\require.js',
    'D:\\trae\\importOrder\\node_modules\\next\\dist\\server\\next-server.js',
    'D:\\trae\\importOrder\\node_modules\\next\\dist\\server\\next.js',
    'D:\\trae\\importOrder\\node_modules\\next\\dist\\server\\lib\\start-server.js',
    'D:\\trae\\importOrder\\node_modules\\next\\dist\\cli\\next-start.js'
  ]
}
 ⨯ Error: Cannot find module './276.js'
Require stack:
- D:\trae\importOrder\.next\server\webpack-runtime.js
- D:\trae\importOrder\.next\server\pages\_document.js
- D:\trae\importOrder\node_modules\next\dist\server\require.js
- D:\trae\importOrder\node_modules\next\dist\server\next-server.js
- D:\trae\importOrder\node_modules\next\dist\server\next.js
- D:\trae\importOrder\node_modules\next\dist\server\lib\start-server.js
- D:\trae\importOrder\node_modules\next\dist\cli\next-start.js
    at Module.<anonymous> (node:internal/modules/cjs/loader:1456:15)
    at D:\trae\importOrder\node_modules\next\dist\server\require-hook.js:55:36
    at defaultResolveImpl (node:internal/modules/cjs/loader:1066:19)
    at resolveForCJSWithHooks (node:internal/modules/cjs/loader:1071:22)
    at Module._load (node:internal/modules/cjs/loader:1242:25)
    at wrapModuleLoad (node:internal/modules/cjs/loader:255:19)
    at Module.<anonymous> (node:internal/modules/cjs/loader:1556:12)
    at mod.require (D:\trae\importOrder\node_modules\next\dist\server\require-hook.js:65:28)
    at require (node:internal/modules/helpers:152:16)
    at __webpack_require__.f.require (D:\trae\importOrder\.next\server\webpack-runtime.js:203:28) {
  code: 'MODULE_NOT_FOUND',
  requireStack: [
    'D:\\trae\\importOrder\\.next\\server\\webpack-runtime.js',
    'D:\\trae\\importOrder\\.next\\server\\pages\\_document.js',
    'D:\\trae\\importOrder\\node_modules\\next\\dist\\server\\require.js',
    'D:\\trae\\importOrder\\node_modules\\next\\dist\\server\\next-server.js',
    'D:\\trae\\importOrder\\node_modules\\next\\dist\\server\\next.js',
    'D:\\trae\\importOrder\\node_modules\\next\\dist\\server\\lib\\start-server.js',
    'D:\\trae\\importOrder\\node_modules\\next\\dist\\cli\\next-start.js'
  ]
}
 ⨯ Error: Cannot find module './682.js'
Require stack:
- D:\trae\importOrder\.next\server\webpack-runtime.js
- D:\trae\importOrder\.next\server\pages\_document.js
- D:\trae\importOrder\node_modules\next\dist\server\require.js
- D:\trae\importOrder\node_modules\next\dist\server\next-server.js
- D:\trae\importOrder\node_modules\next\dist\server\next.js
- D:\trae\importOrder\node_modules\next\dist\server\lib\start-server.js
- D:\trae\importOrder\node_modules\next\dist\cli\next-start.js
    at Module.<anonymous> (node:internal/modules/cjs/loader:1456:15)
    at D:\trae\importOrder\node_modules\next\dist\server\require-hook.js:55:36
    at defaultResolveImpl (node:internal/modules/cjs/loader:1066:19)
    at resolveForCJSWithHooks (node:internal/modules/cjs/loader:1071:22)
    at Module._load (node:internal/modules/cjs/loader:1242:25)
    at wrapModuleLoad (node:internal/modules/cjs/loader:255:19)
    at Module.<anonymous> (node:internal/modules/cjs/loader:1556:12)
    at mod.require (D:\trae\importOrder\node_modules\next\dist\server\require-hook.js:65:28)
    at require (node:internal/modules/helpers:152:16)
    at __webpack_require__.f.require (D:\trae\importOrder\.next\server\webpack-runtime.js:203:28) {
  code: 'MODULE_NOT_FOUND',
  requireStack: [
    'D:\\trae\\importOrder\\.next\\server\\webpack-runtime.js',
    'D:\\trae\\importOrder\\.next\\server\\pages\\_document.js',
    'D:\\trae\\importOrder\\node_modules\\next\\dist\\server\\require.js',
    'D:\\trae\\importOrder\\node_modules\\next\\dist\\server\\next-server.js',
    'D:\\trae\\importOrder\\node_modules\\next\\dist\\server\\next.js',
    'D:\\trae\\importOrder\\node_modules\\next\\dist\\server\\lib\\start-server.js',
    'D:\\trae\\importOrder\\node_modules\\next\\dist\\cli\\next-start.js'
  ]
}
 ⨯ Error: Cannot find module './276.js'
Require stack:
- D:\trae\importOrder\.next\server\webpack-runtime.js
- D:\trae\importOrder\.next\server\pages\_document.js
- D:\trae\importOrder\node_modules\next\dist\server\require.js
- D:\trae\importOrder\node_modules\next\dist\server\next-server.js
- D:\trae\importOrder\node_modules\next\dist\server\next.js
- D:\trae\importOrder\node_modules\next\dist\server\lib\start-server.js
- D:\trae\importOrder\node_modules\next\dist\cli\next-start.js
    at Module.<anonymous> (node:internal/modules/cjs/loader:1456:15)
    at D:\trae\importOrder\node_modules\next\dist\server\require-hook.js:55:36
    at defaultResolveImpl (node:internal/modules/cjs/loader:1066:19)
    at resolveForCJSWithHooks (node:internal/modules/cjs/loader:1071:22)
    at Module._load (node:internal/modules/cjs/loader:1242:25)
    at wrapModuleLoad (node:internal/modules/cjs/loader:255:19)
    at Module.<anonymous> (node:internal/modules/cjs/loader:1556:12)
    at mod.require (D:\trae\importOrder\node_modules\next\dist\server\require-hook.js:65:28)
    at require (node:internal/modules/helpers:152:16)
    at __webpack_require__.f.require (D:\trae\importOrder\.next\server\webpack-runtime.js:203:28) {
  code: 'MODULE_NOT_FOUND',
  requireStack: [
    'D:\\trae\\importOrder\\.next\\server\\webpack-runtime.js',
    'D:\\trae\\importOrder\\.next\\server\\pages\\_document.js',
    'D:\\trae\\importOrder\\node_modules\\next\\dist\\server\\require.js',
    'D:\\trae\\importOrder\\node_modules\\next\\dist\\server\\next-server.js',
    'D:\\trae\\importOrder\\node_modules\\next\\dist\\server\\next.js',
    'D:\\trae\\importOrder\\node_modules\\next\\dist\\server\\lib\\start-server.js',
    'D:\\trae\\importOrder\\node_modules\\next\\dist\\cli\\next-start.js'
  ]
}
 ⨯ Error: Cannot find module './682.js'
Require stack:
- D:\trae\importOrder\.next\server\webpack-runtime.js
- D:\trae\importOrder\.next\server\pages\_document.js
- D:\trae\importOrder\node_modules\next\dist\server\require.js
- D:\trae\importOrder\node_modules\next\dist\server\next-server.js
- D:\trae\importOrder\node_modules\next\dist\server\next.js
- D:\trae\importOrder\node_modules\next\dist\server\lib\start-server.js
- D:\trae\importOrder\node_modules\next\dist\cli\next-start.js
    at Module.<anonymous> (node:internal/modules/cjs/loader:1456:15)
    at D:\trae\importOrder\node_modules\next\dist\server\require-hook.js:55:36
    at defaultResolveImpl (node:internal/modules/cjs/loader:1066:19)
    at resolveForCJSWithHooks (node:internal/modules/cjs/loader:1071:22)
    at Module._load (node:internal/modules/cjs/loader:1242:25)
    at wrapModuleLoad (node:internal/modules/cjs/loader:255:19)
    at Module.<anonymous> (node:internal/modules/cjs/loader:1556:12)
    at mod.require (D:\trae\importOrder\node_modules\next\dist\server\require-hook.js:65:28)
    at require (node:internal/modules/helpers:152:16)
    at __webpack_require__.f.require (D:\trae\importOrder\.next\server\webpack-runtime.js:203:28) {
  code: 'MODULE_NOT_FOUND',
  requireStack: [
    'D:\\trae\\importOrder\\.next\\server\\webpack-runtime.js',
    'D:\\trae\\importOrder\\.next\\server\\pages\\_document.js',
    'D:\\trae\\importOrder\\node_modules\\next\\dist\\server\\require.js',
    'D:\\trae\\importOrder\\node_modules\\next\\dist\\server\\next-server.js',
    'D:\\trae\\importOrder\\node_modules\\next\\dist\\server\\next.js',
    'D:\\trae\\importOrder\\node_modules\\next\\dist\\server\\lib\\start-server.js',
    'D:\\trae\\importOrder\\node_modules\\next\\dist\\cli\\next-start.js'
  ]
}
 ⨯ Error: Cannot find module './276.js'
Require stack:
- D:\trae\importOrder\.next\server\webpack-runtime.js
- D:\trae\importOrder\.next\server\pages\_document.js
- D:\trae\importOrder\node_modules\next\dist\server\require.js
- D:\trae\importOrder\node_modules\next\dist\server\next-server.js
- D:\trae\importOrder\node_modules\next\dist\server\next.js
- D:\trae\importOrder\node_modules\next\dist\server\lib\start-server.js
- D:\trae\importOrder\node_modules\next\dist\cli\next-start.js
    at Module.<anonymous> (node:internal/modules/cjs/loader:1456:15)
    at D:\trae\importOrder\node_modules\next\dist\server\require-hook.js:55:36
    at defaultResolveImpl (node:internal/modules/cjs/loader:1066:19)
    at resolveForCJSWithHooks (node:internal/modules/cjs/loader:1071:22)
    at Module._load (node:internal/modules/cjs/loader:1242:25)
    at wrapModuleLoad (node:internal/modules/cjs/loader:255:19)
    at Module.<anonymous> (node:internal/modules/cjs/loader:1556:12)
    at mod.require (D:\trae\importOrder\node_modules\next\dist\server\require-hook.js:65:28)
    at require (node:internal/modules/helpers:152:16)
    at __webpack_require__.f.require (D:\trae\importOrder\.next\server\webpack-runtime.js:203:28) {
  code: 'MODULE_NOT_FOUND',
  requireStack: [
    'D:\\trae\\importOrder\\.next\\server\\webpack-runtime.js',
    'D:\\trae\\importOrder\\.next\\server\\pages\\_document.js',
    'D:\\trae\\importOrder\\node_modules\\next\\dist\\server\\require.js',
    'D:\\trae\\importOrder\\node_modules\\next\\dist\\server\\next-server.js',
    'D:\\trae\\importOrder\\node_modules\\next\\dist\\server\\next.js',
    'D:\\trae\\importOrder\\node_modules\\next\\dist\\server\\lib\\start-server.js',
    'D:\\trae\\importOrder\\node_modules\\next\\dist\\cli\\next-start.js'
  ]
}
 ⨯ Error: Cannot find module './682.js'
Require stack:
- D:\trae\importOrder\.next\server\webpack-runtime.js
- D:\trae\importOrder\.next\server\pages\_document.js
- D:\trae\importOrder\node_modules\next\dist\server\require.js
- D:\trae\importOrder\node_modules\next\dist\server\next-server.js
- D:\trae\importOrder\node_modules\next\dist\server\next.js
- D:\trae\importOrder\node_modules\next\dist\server\lib\start-server.js
- D:\trae\importOrder\node_modules\next\dist\cli\next-start.js
    at Module.<anonymous> (node:internal/modules/cjs/loader:1456:15)
    at D:\trae\importOrder\node_modules\next\dist\server\require-hook.js:55:36
    at defaultResolveImpl (node:internal/modules/cjs/loader:1066:19)
    at resolveForCJSWithHooks (node:internal/modules/cjs/loader:1071:22)
    at Module._load (node:internal/modules/cjs/loader:1242:25)
    at wrapModuleLoad (node:internal/modules/cjs/loader:255:19)
    at Module.<anonymous> (node:internal/modules/cjs/loader:1556:12)
    at mod.require (D:\trae\importOrder\node_modules\next\dist\server\require-hook.js:65:28)
    at require (node:internal/modules/helpers:152:16)
    at __webpack_require__.f.require (D:\trae\importOrder\.next\server\webpack-runtime.js:203:28) {
  code: 'MODULE_NOT_FOUND',
  requireStack: [
    'D:\\trae\\importOrder\\.next\\server\\webpack-runtime.js',
    'D:\\trae\\importOrder\\.next\\server\\pages\\_document.js',
    'D:\\trae\\importOrder\\node_modules\\next\\dist\\server\\require.js',
    'D:\\trae\\importOrder\\node_modules\\next\\dist\\server\\next-server.js',
    'D:\\trae\\importOrder\\node_modules\\next\\dist\\server\\next.js',
    'D:\\trae\\importOrder\\node_modules\\next\\dist\\server\\lib\\start-server.js',
    'D:\\trae\\importOrder\\node_modules\\next\\dist\\cli\\next-start.js'
  ]
}
 ⨯ Error: Cannot find module './276.js'
Require stack:
- D:\trae\importOrder\.next\server\webpack-runtime.js
- D:\trae\importOrder\.next\server\pages\_document.js
- D:\trae\importOrder\node_modules\next\dist\server\require.js
- D:\trae\importOrder\node_modules\next\dist\server\next-server.js
- D:\trae\importOrder\node_modules\next\dist\server\next.js
- D:\trae\importOrder\node_modules\next\dist\server\lib\start-server.js
- D:\trae\importOrder\node_modules\next\dist\cli\next-start.js
    at Module.<anonymous> (node:internal/modules/cjs/loader:1456:15)
    at D:\trae\importOrder\node_modules\next\dist\server\require-hook.js:55:36
    at defaultResolveImpl (node:internal/modules/cjs/loader:1066:19)
    at resolveForCJSWithHooks (node:internal/modules/cjs/loader:1071:22)
    at Module._load (node:internal/modules/cjs/loader:1242:25)
    at wrapModuleLoad (node:internal/modules/cjs/loader:255:19)
    at Module.<anonymous> (node:internal/modules/cjs/loader:1556:12)
    at mod.require (D:\trae\importOrder\node_modules\next\dist\server\require-hook.js:65:28)
    at require (node:internal/modules/helpers:152:16)
    at __webpack_require__.f.require (D:\trae\importOrder\.next\server\webpack-runtime.js:203:28) {
  code: 'MODULE_NOT_FOUND',
  requireStack: [
    'D:\\trae\\importOrder\\.next\\server\\webpack-runtime.js',
    'D:\\trae\\importOrder\\.next\\server\\pages\\_document.js',
    'D:\\trae\\importOrder\\node_modules\\next\\dist\\server\\require.js',
    'D:\\trae\\importOrder\\node_modules\\next\\dist\\server\\next-server.js',
    'D:\\trae\\importOrder\\node_modules\\next\\dist\\server\\next.js',
    'D:\\trae\\importOrder\\node_modules\\next\\dist\\server\\lib\\start-server.js',
    'D:\\trae\\importOrder\\node_modules\\next\\dist\\cli\\next-start.js'
  ]
}
 ⨯ Error: Cannot find module './682.js'
Require stack:
- D:\trae\importOrder\.next\server\webpack-runtime.js
- D:\trae\importOrder\.next\server\pages\_document.js
- D:\trae\importOrder\node_modules\next\dist\server\require.js
- D:\trae\importOrder\node_modules\next\dist\server\next-server.js
- D:\trae\importOrder\node_modules\next\dist\server\next.js
- D:\trae\importOrder\node_modules\next\dist\server\lib\start-server.js
- D:\trae\importOrder\node_modules\next\dist\cli\next-start.js
    at Module.<anonymous> (node:internal/modules/cjs/loader:1456:15)
    at D:\trae\importOrder\node_modules\next\dist\server\require-hook.js:55:36
    at defaultResolveImpl (node:internal/modules/cjs/loader:1066:19)
    at resolveForCJSWithHooks (node:internal/modules/cjs/loader:1071:22)
    at Module._load (node:internal/modules/cjs/loader:1242:25)
    at wrapModuleLoad (node:internal/modules/cjs/loader:255:19)
    at Module.<anonymous> (node:internal/modules/cjs/loader:1556:12)
    at mod.require (D:\trae\importOrder\node_modules\next\dist\server\require-hook.js:65:28)
    at require (node:internal/modules/helpers:152:16)
    at __webpack_require__.f.require (D:\trae\importOrder\.next\server\webpack-runtime.js:203:28) {
  code: 'MODULE_NOT_FOUND',
  requireStack: [
    'D:\\trae\\importOrder\\.next\\server\\webpack-runtime.js',
    'D:\\trae\\importOrder\\.next\\server\\pages\\_document.js',
    'D:\\trae\\importOrder\\node_modules\\next\\dist\\server\\require.js',
    'D:\\trae\\importOrder\\node_modules\\next\\dist\\server\\next-server.js',
    'D:\\trae\\importOrder\\node_modules\\next\\dist\\server\\next.js',
    'D:\\trae\\importOrder\\node_modules\\next\\dist\\server\\lib\\start-server.js',
    'D:\\trae\\importOrder\\node_modules\\next\\dist\\cli\\next-start.js'
  ]
}
 ⨯ Error: Cannot find module './276.js'
Require stack:
- D:\trae\importOrder\.next\server\webpack-runtime.js
- D:\trae\importOrder\.next\server\pages\_document.js
- D:\trae\importOrder\node_modules\next\dist\server\require.js
- D:\trae\importOrder\node_modules\next\dist\server\next-server.js
- D:\trae\importOrder\node_modules\next\dist\server\next.js
- D:\trae\importOrder\node_modules\next\dist\server\lib\start-server.js
- D:\trae\importOrder\node_modules\next\dist\cli\next-start.js
    at Module.<anonymous> (node:internal/modules/cjs/loader:1456:15)
    at D:\trae\importOrder\node_modules\next\dist\server\require-hook.js:55:36
    at defaultResolveImpl (node:internal/modules/cjs/loader:1066:19)
    at resolveForCJSWithHooks (node:internal/modules/cjs/loader:1071:22)
    at Module._load (node:internal/modules/cjs/loader:1242:25)
    at wrapModuleLoad (node:internal/modules/cjs/loader:255:19)
    at Module.<anonymous> (node:internal/modules/cjs/loader:1556:12)
    at mod.require (D:\trae\importOrder\node_modules\next\dist\server\require-hook.js:65:28)
    at require (node:internal/modules/helpers:152:16)
    at __webpack_require__.f.require (D:\trae\importOrder\.next\server\webpack-runtime.js:203:28) {
  code: 'MODULE_NOT_FOUND',
  requireStack: [
    'D:\\trae\\importOrder\\.next\\server\\webpack-runtime.js',
    'D:\\trae\\importOrder\\.next\\server\\pages\\_document.js',
    'D:\\trae\\importOrder\\node_modules\\next\\dist\\server\\require.js',
    'D:\\trae\\importOrder\\node_modules\\next\\dist\\server\\next-server.js',
    'D:\\trae\\importOrder\\node_modules\\next\\dist\\server\\next.js',
    'D:\\trae\\importOrder\\node_modules\\next\\dist\\server\\lib\\start-server.js',
    'D:\\trae\\importOrder\\node_modules\\next\\dist\\cli\\next-start.js'
  ]
}
 ⨯ Error: Cannot find module './682.js'
Require stack:
- D:\trae\importOrder\.next\server\webpack-runtime.js
- D:\trae\importOrder\.next\server\pages\_document.js
- D:\trae\importOrder\node_modules\next\dist\server\require.js
- D:\trae\importOrder\node_modules\next\dist\server\next-server.js
- D:\trae\importOrder\node_modules\next\dist\server\next.js
- D:\trae\importOrder\node_modules\next\dist\server\lib\start-server.js
- D:\trae\importOrder\node_modules\next\dist\cli\next-start.js
    at Module.<anonymous> (node:internal/modules/cjs/loader:1456:15)
    at D:\trae\importOrder\node_modules\next\dist\server\require-hook.js:55:36
    at defaultResolveImpl (node:internal/modules/cjs/loader:1066:19)
    at resolveForCJSWithHooks (node:internal/modules/cjs/loader:1071:22)
    at Module._load (node:internal/modules/cjs/loader:1242:25)
    at wrapModuleLoad (node:internal/modules/cjs/loader:255:19)
    at Module.<anonymous> (node:internal/modules/cjs/loader:1556:12)
    at mod.require (D:\trae\importOrder\node_modules\next\dist\server\require-hook.js:65:28)
    at require (node:internal/modules/helpers:152:16)
    at __webpack_require__.f.require (D:\trae\importOrder\.next\server\webpack-runtime.js:203:28) {
  code: 'MODULE_NOT_FOUND',
  requireStack: [
    'D:\\trae\\importOrder\\.next\\server\\webpack-runtime.js',
    'D:\\trae\\importOrder\\.next\\server\\pages\\_document.js',
    'D:\\trae\\importOrder\\node_modules\\next\\dist\\server\\require.js',
    'D:\\trae\\importOrder\\node_modules\\next\\dist\\server\\next-server.js',
    'D:\\trae\\importOrder\\node_modules\\next\\dist\\server\\next.js',
    'D:\\trae\\importOrder\\node_modules\\next\\dist\\server\\lib\\start-server.js',
    'D:\\trae\\importOrder\\node_modules\\next\\dist\\cli\\next-start.js'
  ]
}
 ⨯ Error: Cannot find module './276.js'
Require stack:
- D:\trae\importOrder\.next\server\webpack-runtime.js
- D:\trae\importOrder\.next\server\pages\_document.js
- D:\trae\importOrder\node_modules\next\dist\server\require.js
- D:\trae\importOrder\node_modules\next\dist\server\next-server.js
- D:\trae\importOrder\node_modules\next\dist\server\next.js
- D:\trae\importOrder\node_modules\next\dist\server\lib\start-server.js
- D:\trae\importOrder\node_modules\next\dist\cli\next-start.js
    at Module.<anonymous> (node:internal/modules/cjs/loader:1456:15)
    at D:\trae\importOrder\node_modules\next\dist\server\require-hook.js:55:36
    at defaultResolveImpl (node:internal/modules/cjs/loader:1066:19)
    at resolveForCJSWithHooks (node:internal/modules/cjs/loader:1071:22)
    at Module._load (node:internal/modules/cjs/loader:1242:25)
    at wrapModuleLoad (node:internal/modules/cjs/loader:255:19)
    at Module.<anonymous> (node:internal/modules/cjs/loader:1556:12)
    at mod.require (D:\trae\importOrder\node_modules\next\dist\server\require-hook.js:65:28)
    at require (node:internal/modules/helpers:152:16)
    at __webpack_require__.f.require (D:\trae\importOrder\.next\server\webpack-runtime.js:203:28) {
  code: 'MODULE_NOT_FOUND',
  requireStack: [
    'D:\\trae\\importOrder\\.next\\server\\webpack-runtime.js',
    'D:\\trae\\importOrder\\.next\\server\\pages\\_document.js',
    'D:\\trae\\importOrder\\node_modules\\next\\dist\\server\\require.js',
    'D:\\trae\\importOrder\\node_modules\\next\\dist\\server\\next-server.js',
    'D:\\trae\\importOrder\\node_modules\\next\\dist\\server\\next.js',
    'D:\\trae\\importOrder\\node_modules\\next\\dist\\server\\lib\\start-server.js',
    'D:\\trae\\importOrder\\node_modules\\next\\dist\\cli\\next-start.js'
  ]
}
 ⨯ Error: Cannot find module './682.js'
Require stack:
- D:\trae\importOrder\.next\server\webpack-runtime.js
- D:\trae\importOrder\.next\server\pages\_document.js
- D:\trae\importOrder\node_modules\next\dist\server\require.js
- D:\trae\importOrder\node_modules\next\dist\server\next-server.js
- D:\trae\importOrder\node_modules\next\dist\server\next.js
- D:\trae\importOrder\node_modules\next\dist\server\lib\start-server.js
- D:\trae\importOrder\node_modules\next\dist\cli\next-start.js
    at Module.<anonymous> (node:internal/modules/cjs/loader:1456:15)
    at D:\trae\importOrder\node_modules\next\dist\server\require-hook.js:55:36
    at defaultResolveImpl (node:internal/modules/cjs/loader:1066:19)
    at resolveForCJSWithHooks (node:internal/modules/cjs/loader:1071:22)
    at Module._load (node:internal/modules/cjs/loader:1242:25)
    at wrapModuleLoad (node:internal/modules/cjs/loader:255:19)
    at Module.<anonymous> (node:internal/modules/cjs/loader:1556:12)
    at mod.require (D:\trae\importOrder\node_modules\next\dist\server\require-hook.js:65:28)
    at require (node:internal/modules/helpers:152:16)
    at __webpack_require__.f.require (D:\trae\importOrder\.next\server\webpack-runtime.js:203:28) {
  code: 'MODULE_NOT_FOUND',
  requireStack: [
    'D:\\trae\\importOrder\\.next\\server\\webpack-runtime.js',
    'D:\\trae\\importOrder\\.next\\server\\pages\\_document.js',
    'D:\\trae\\importOrder\\node_modules\\next\\dist\\server\\require.js',
    'D:\\trae\\importOrder\\node_modules\\next\\dist\\server\\next-server.js',
    'D:\\trae\\importOrder\\node_modules\\next\\dist\\server\\next.js',
    'D:\\trae\\importOrder\\node_modules\\next\\dist\\server\\lib\\start-server.js',
    'D:\\trae\\importOrder\\node_modules\\next\\dist\\cli\\next-start.js'
  ]
}
 ⨯ Error: Cannot find module './276.js'
Require stack:
- D:\trae\importOrder\.next\server\webpack-runtime.js
- D:\trae\importOrder\.next\server\pages\_document.js
- D:\trae\importOrder\node_modules\next\dist\server\require.js
- D:\trae\importOrder\node_modules\next\dist\server\next-server.js
- D:\trae\importOrder\node_modules\next\dist\server\next.js
- D:\trae\importOrder\node_modules\next\dist\server\lib\start-server.js
- D:\trae\importOrder\node_modules\next\dist\cli\next-start.js
    at Module.<anonymous> (node:internal/modules/cjs/loader:1456:15)
    at D:\trae\importOrder\node_modules\next\dist\server\require-hook.js:55:36
    at defaultResolveImpl (node:internal/modules/cjs/loader:1066:19)
    at resolveForCJSWithHooks (node:internal/modules/cjs/loader:1071:22)
    at Module._load (node:internal/modules/cjs/loader:1242:25)
    at wrapModuleLoad (node:internal/modules/cjs/loader:255:19)
    at Module.<anonymous> (node:internal/modules/cjs/loader:1556:12)
    at mod.require (D:\trae\importOrder\node_modules\next\dist\server\require-hook.js:65:28)
    at require (node:internal/modules/helpers:152:16)
    at __webpack_require__.f.require (D:\trae\importOrder\.next\server\webpack-runtime.js:203:28) {
  code: 'MODULE_NOT_FOUND',
  requireStack: [
    'D:\\trae\\importOrder\\.next\\server\\webpack-runtime.js',
    'D:\\trae\\importOrder\\.next\\server\\pages\\_document.js',
    'D:\\trae\\importOrder\\node_modules\\next\\dist\\server\\require.js',
    'D:\\trae\\importOrder\\node_modules\\next\\dist\\server\\next-server.js',
    'D:\\trae\\importOrder\\node_modules\\next\\dist\\server\\next.js',
    'D:\\trae\\importOrder\\node_modules\\next\\dist\\server\\lib\\start-server.js',
    'D:\\trae\\importOrder\\node_modules\\next\\dist\\cli\\next-start.js'
  ]
}
 ⨯ Error: Cannot find module './682.js'
Require stack:
- D:\trae\importOrder\.next\server\webpack-runtime.js
- D:\trae\importOrder\.next\server\pages\_document.js
- D:\trae\importOrder\node_modules\next\dist\server\require.js
- D:\trae\importOrder\node_modules\next\dist\server\next-server.js
- D:\trae\importOrder\node_modules\next\dist\server\next.js
- D:\trae\importOrder\node_modules\next\dist\server\lib\start-server.js
- D:\trae\importOrder\node_modules\next\dist\cli\next-start.js
    at Module.<anonymous> (node:internal/modules/cjs/loader:1456:15)
    at D:\trae\importOrder\node_modules\next\dist\server\require-hook.js:55:36
    at defaultResolveImpl (node:internal/modules/cjs/loader:1066:19)
    at resolveForCJSWithHooks (node:internal/modules/cjs/loader:1071:22)
    at Module._load (node:internal/modules/cjs/loader:1242:25)
    at wrapModuleLoad (node:internal/modules/cjs/loader:255:19)
    at Module.<anonymous> (node:internal/modules/cjs/loader:1556:12)
    at mod.require (D:\trae\importOrder\node_modules\next\dist\server\require-hook.js:65:28)
    at require (node:internal/modules/helpers:152:16)
    at __webpack_require__.f.require (D:\trae\importOrder\.next\server\webpack-runtime.js:203:28) {
  code: 'MODULE_NOT_FOUND',
  requireStack: [
    'D:\\trae\\importOrder\\.next\\server\\webpack-runtime.js',
    'D:\\trae\\importOrder\\.next\\server\\pages\\_document.js',
    'D:\\trae\\importOrder\\node_modules\\next\\dist\\server\\require.js',
    'D:\\trae\\importOrder\\node_modules\\next\\dist\\server\\next-server.js',
    'D:\\trae\\importOrder\\node_modules\\next\\dist\\server\\next.js',
    'D:\\trae\\importOrder\\node_modules\\next\\dist\\server\\lib\\start-server.js',
    'D:\\trae\\importOrder\\node_modules\\next\\dist\\cli\\next-start.js'
  ]
}
 ⨯ Error: Cannot find module './276.js'
Require stack:
- D:\trae\importOrder\.next\server\webpack-runtime.js
- D:\trae\importOrder\.next\server\pages\_document.js
- D:\trae\importOrder\node_modules\next\dist\server\require.js
- D:\trae\importOrder\node_modules\next\dist\server\next-server.js
- D:\trae\importOrder\node_modules\next\dist\server\next.js
- D:\trae\importOrder\node_modules\next\dist\server\lib\start-server.js
- D:\trae\importOrder\node_modules\next\dist\cli\next-start.js
    at Module.<anonymous> (node:internal/modules/cjs/loader:1456:15)
    at D:\trae\importOrder\node_modules\next\dist\server\require-hook.js:55:36
    at defaultResolveImpl (node:internal/modules/cjs/loader:1066:19)
    at resolveForCJSWithHooks (node:internal/modules/cjs/loader:1071:22)
    at Module._load (node:internal/modules/cjs/loader:1242:25)
    at wrapModuleLoad (node:internal/modules/cjs/loader:255:19)
    at Module.<anonymous> (node:internal/modules/cjs/loader:1556:12)
    at mod.require (D:\trae\importOrder\node_modules\next\dist\server\require-hook.js:65:28)
    at require (node:internal/modules/helpers:152:16)
    at __webpack_require__.f.require (D:\trae\importOrder\.next\server\webpack-runtime.js:203:28) {
  code: 'MODULE_NOT_FOUND',
  requireStack: [
    'D:\\trae\\importOrder\\.next\\server\\webpack-runtime.js',
    'D:\\trae\\importOrder\\.next\\server\\pages\\_document.js',
    'D:\\trae\\importOrder\\node_modules\\next\\dist\\server\\require.js',
    'D:\\trae\\importOrder\\node_modules\\next\\dist\\server\\next-server.js',
    'D:\\trae\\importOrder\\node_modules\\next\\dist\\server\\next.js',
    'D:\\trae\\importOrder\\node_modules\\next\\dist\\server\\lib\\start-server.js',
    'D:\\trae\\importOrder\\node_modules\\next\\dist\\cli\\next-start.js'
  ]
}
 ⨯ Error: Cannot find module './682.js'
Require stack:
- D:\trae\importOrder\.next\server\webpack-runtime.js
- D:\trae\importOrder\.next\server\pages\_document.js
- D:\trae\importOrder\node_modules\next\dist\server\require.js
- D:\trae\importOrder\node_modules\next\dist\server\next-server.js
- D:\trae\importOrder\node_modules\next\dist\server\next.js
- D:\trae\importOrder\node_modules\next\dist\server\lib\start-server.js
- D:\trae\importOrder\node_modules\next\dist\cli\next-start.js
    at Module.<anonymous> (node:internal/modules/cjs/loader:1456:15)
    at D:\trae\importOrder\node_modules\next\dist\server\require-hook.js:55:36
    at defaultResolveImpl (node:internal/modules/cjs/loader:1066:19)
    at resolveForCJSWithHooks (node:internal/modules/cjs/loader:1071:22)
    at Module._load (node:internal/modules/cjs/loader:1242:25)
    at wrapModuleLoad (node:internal/modules/cjs/loader:255:19)
    at Module.<anonymous> (node:internal/modules/cjs/loader:1556:12)
    at mod.require (D:\trae\importOrder\node_modules\next\dist\server\require-hook.js:65:28)
    at require (node:internal/modules/helpers:152:16)
    at __webpack_require__.f.require (D:\trae\importOrder\.next\server\webpack-runtime.js:203:28) {
  code: 'MODULE_NOT_FOUND',
  requireStack: [
    'D:\\trae\\importOrder\\.next\\server\\webpack-runtime.js',
    'D:\\trae\\importOrder\\.next\\server\\pages\\_document.js',
    'D:\\trae\\importOrder\\node_modules\\next\\dist\\server\\require.js',
    'D:\\trae\\importOrder\\node_modules\\next\\dist\\server\\next-server.js',
    'D:\\trae\\importOrder\\node_modules\\next\\dist\\server\\next.js',
    'D:\\trae\\importOrder\\node_modules\\next\\dist\\server\\lib\\start-server.js',
    'D:\\trae\\importOrder\\node_modules\\next\\dist\\cli\\next-start.js'
  ]
}
^C